Resourses_ID,BGM,Voice,SFX,Illustration,Toast
스토리출약자,,,,,
string,string,string,string,string,string
Story_0000,,,,story_Image_RYTA_01.png,
Story_0004,,,,,
Story_0006,,,,,
Story_0008,,,,,
Story_0010,,,,story_Image_RYTA_02.png,
Story_0012,,,,,
Story_0014,,,,,
Story_0017,,,,,
Story_0018,,,,,
Story_0020,,,,,
Story_0023,,,,story_Image_RYTA_03.png,
Story_0025,,,,,
Story_0028,,,,,
Story_0029,,,,,
Story_0031,,,,,
Story_0033,,,,,
Story_0034,,,,,
Story_0036,,,,story_Image_RYTA_04.png,
Story_0038,,,,,
Story_0040,,,,,
Story_0042,,,,,
Story_0044,,,,,
Story_0046,,,,,
Story_0049,,,,,
Story_0051,,,,,
Story_0053,,,,,
Story_0055,,,,,
Story_0057,,,,,
Story_0059,,,,,
Story_0062,,,,,
Story_0064,,,,,
Story_0066,,,,,
Story_0068,,,,,
Story_0070,,,,,
Story_0072,,,,story_Image_RYTA_05.png,
Story_0074,,,,,
Story_0076,,,,,
Story_0078,,,,,
Story_0080,,,,,
Story_0082,,,,,
Story_0084,,,,story_Image_RYTA_06.png,
Story_0086,,,,story_Image_RYTA_07.png,
Story_0088,,,,,
Story_0090,,,,,
Story_0092,,,,,
Story_0093,,,,,
Story_0095,,,,,
Story_0097,,,,story_Image_RYTA_10.png,
Story_0099,,,,story_Image_RYTA_08.png,
Story_0101,,,,,
Story_0103,,,,,
Story_0105,,,,,
Story_0107,,,,,
Story_0109,,,,,
Story_0111,,,,,
Story_0114,,,,,
Story_0115,,,,,
Story_0117,,,,,
Story_0120,,,,,
Story_0122,,,,story_Image_RYTA_09.png,
Story_0124,,,,,
Story_0126,,,,,
Story_0129,,,,,
Story_0130,,,,,
Story_0133,,,,story_Image_RYTA_11.png,
Story_0136,,,,,
Story_0140,,,,,
Story_0142,,,,,
Story_0144,,,,,
Story_0147,,,,,
Story_0148,,,,,
Story_0150,,,,story_Image_RYTA_12.png,
Story_0152,,,,story_Image_RYTA_13.png,
Story_0153,,,,story_Image_RYTA_12.png,
Story_0155,,,,,
Story_0158,,,,,
Story_0159,,,,,
Story_0162,,,,,
Story_0163,,,,,
Story_0165,,,,story_Image_RYTA_13.png,
Story_0166,,,,,
Story_0168,,,,,
Story_0172,,,,,
Story_0174,,,,,
Story_0176,,,,,
Story_0178,,,,story_Image_RYTA_12.png,
Story_0181,,,,story_Image_RYTA_13.png,
Story_0182,,,,story_Image_RYTA_13.png,
Story_0185,,,,,
Story_0186,,,,,
Story_0189,,,,,
Story_0191,,,,,
Story_0193,,,,,
Story_0197,,,,,
Story_0199,,,,,
Story_0202,,,,,
Story_0204,,,,,
Story_0207,,,,,
Story_0209,,,,,
Story_0211,,,,,
Story_0212,,,,,
Story_0214,,,,,
Story_0217,,,,,
Story_0219,,,,,
Story_0222,,,,,
Story_0223,,,,,
Story_0225,,,,story_Image_RYTA_14.png,
Story_0229,,,,,
Story_0231,,,,,
Story_0232,,,,,
Story_0235,,,,,
Story_0237,,,,,
Story_0239,,,,,
Story_0241,,,,,
Story_0242,,,,,
Story_0244,,,,,
Story_0245,,,,,
Story_0247,,,,,
Story_0249,,,,,
Story_0251,,,,,
Story_0253,,,,,
Story_0255,,,,,
Story_0258,,,,,
Story_0260,,,,,
Story_0262,,,,,
Story_0263,,,,,
Story_0265,,,,,
Story_0268,,,,,
Story_0270,,,,,
Story_0272,,,,,
Story_0274,,,,,
Story_0276,,,,,
Story_0279,,,,,
Story_0281,,,,,
Story_0282,,,,,
Story_0284,,,,,
Story_0286,,,,,
Story_0288,,,,,
Story_0290,,,,,
Story_0292,,,,story_Image_RYTA_15.png,
Story_0294,,,,,
Story_0297,,,,,
Story_0298,,,,,
Story_0300,,,,,
Story_0302,,,,,
Story_0304,,,,story_Image_RYTA_16.png,
Story_0307,,,,,
Story_0308,,,,,
Story_0310,,,,,
Story_0313,,,,,
Story_0314,,,,,
Story_0316,,,,,
Story_0318,,,,,
Story_0321,,,,,
Story_0323,,,,,
Story_0325,,,,,
Story_0327,,,,,
Story_0329,,,,,
Story_0331,,,,,
Story_0334,,,,,
Story_0336,,,,,
Story_0338,,,,,
Story_0340,,,,,
Story_0342,,,,,
Story_0343,,,,,
Story_0345,,,,,
Story_0347,,,,,
Story_0349,,,,,
Story_0352,,,,,
Story_0354,,,,story_Image_RYTA_17.png,
Story_0356,,,,,
Story_0360,,,,story_Image_RYTA_17.png,
Story_0362,,,,,
Story_0364,,,,,
Story_0366,,,,,
Story_0368,,,,,
Story_0369,,,,,
Story_0371,,,,,
Story_0373,,,,,
Story_0376,,,,,
Story_0379,,,,,
Story_0381,,,,,
Story_0382,,,,,
Story_0384,,,,,
Story_0386,,,,story_Image_RYTA_26.png,
Story_0390,,,,,
Story_0392,,,,,
Story_0395,,,,story_Image_RYTA_17.png,
Story_0396,,,,story_Image_RYTA_17.png,
Story_0398,,,,,
Story_0401,,,,,
Story_0402,,,,,
Story_0404,,,,,
Story_0406,,,,,
Story_0408,,,,,
Story_0409,,,,,
Story_0411,,,,,
Story_0413,,,,,
Story_0415,,,,story_Image_RYTA_24.png,
Story_0417,,,,,
Story_0419,,,,,
Story_0421,,,,,
Story_0424,,,,,
Story_0427,,,,,
Story_0430,,,,,
Story_0431,,,,,
Story_0433,,,,story_Image_RYTA_25.png,
Story_0436,,,,,
Story_0438,,,,,
Story_0440,,,,,
Story_0442,,,,,
Story_0444,,,,,
Story_0446,,,,,
Story_0448,,,,,
Story_0450,,,,,
Story_0452,,,,,
Story_0454,,,,,
Story_0456,,,,,
Story_0459,,,,,
Story_0460,,,,,
Story_0462,,,,,
Story_0464,,,,,
Story_0466,,,,,
Story_0469,,,,,
Story_0470,,,,,
Story_0472,,,,,
Story_0474,,,,,
Story_0476,,,,,
Story_0480,,,,,
Story_0482,,,,story_Image_RYTA_31.png,
Story_0485,,,,,
Story_0487,,,,,
Story_0488,,,,,
Story_0490,,,,,
Story_0492,,,,,
Story_0494,,,,,
Story_0496,,,,,
Story_0498,,,,,
Story_0499,,,,,
Story_0501,,,,,
Story_0503,,,,,
Story_0506,,,,,
Story_0509,,,,,
Story_0510,,,,,
Story_0513,,,,,
Story_0517,,,,,
Story_0519,,,,,
Story_0520,,,,,
Story_0522,,,,story_Image_RYTA_32.png,
Story_0524,,,,,
Story_0527,,,,,
Story_0528,,,,,
Story_0530,,,,,
Story_0532,,,,,
Story_0534,,,,,
Story_0536,,,,,
Story_0538,,,,,
Story_0540,,,,,
Story_0543,,,,,
Story_0544,,,,,
Story_0546,,,,,
Story_0548,,,,,
Story_0550,,,,,
Story_0552,,,,,
Story_0555,,,,,
Story_0556,,,,,
Story_0558,,,,,
Story_0561,,,,,
Story_0564,,,,,
Story_0566,,,,,
Story_0568,,,,,
Story_0572,,,,,
Story_0574,,,,,
Story_0578,,,,,
Story_0579,,,,,
Story_0580,,,,,
Story_0582,,,,,
Story_0585,,,,,
Story_0586,,,,,
Story_0588,,,,,
Story_0589,,,,,
Story_0592,,,,,
Story_0594,,,,,
Story_0597,,,,,
Story_0599,,,,,
Story_0602,,,,,
Story_0604,,,,,
Story_0606,,,,,
Story_0608,,,,,
Story_0610,,,,,
Story_0612,,,,,
Story_0615,,,,,
Story_0618,,,,,
Story_0621,,,,,
Story_0623,,,,,
Story_0626,,,,,
Story_0627,,,,,
Story_0629,,,,,
Story_0631,,,,,
Story_0633,,,,,
Story_0636,,,,,
Story_0637,,,,,
Story_0640,,,,,
Story_0642,,,,,
Story_0644,,,,,
Story_0645,,,,,
Story_0647,,,,,
Story_0649,,,,,
Story_0651,,,,,
Story_0653,,,,story_Image_RYTA_18.png,
Story_0655,,,,,
Story_0658,,,,,
Story_0659,,,,,
Story_0661,,,,,
Story_0663,,,,,
Story_0666,,,,,
Story_0667,,,,,
Story_0669,,,,,
Story_0672,,,,,
Story_0673,,,,,
Story_0676,,,,,
Story_0680,,,,story_Image_RYTA_19.png,
Story_0682,,,,,
Story_0685,,,,,
Story_0687,,,,,
Story_0689,,,,,
Story_0691,,,,,
Story_0693,,,,,
Story_0695,,,,,
Story_0697,,,,,
Story_0698,,,,,
Story_0700,,,,,
Story_0701,,,,,
Story_0703,,,,,
Story_0706,,,,,
Story_0711,,,,,
Story_0713,,,,,
Story_0716,,,,,
Story_0718,,,,,
Story_0720,,,,,
Story_0722,,,,,
Story_0726,,,,,
Story_0729,,,,,
Story_0731,,,,,
Story_0733,,,,story_Image_RYTA_20.png,
Story_0736,,,,,
Story_0738,,,,story_Image_RYTA_22.png,
Story_0740,,,,,
Story_0745,,,,,
Story_0747,,,,,
Story_0750,,,,,
Story_0751,,,,,
Story_0753,,,,,
Story_0755,,,,,
Story_0757,,,,,
Story_0759,,,,,
Story_0761,,,,,
Story_0763,,,,,
Story_0767,,,,,
Story_0768,,,,,
Story_0770,,,,,
Story_0772,,,,,
Story_0774,,,,,
Story_0776,,,,,
Story_0779,,,,,
Story_0780,,,,,
Story_0783,,,,,
Story_0785,,,,,
Story_0788,,,,,
Story_0789,,,,,
Story_0791,,,,,
Story_0793,,,,,
Story_0795,,,,,
Story_0797,,,,,
Story_0800,,,,,
Story_0803,,,,,
Story_0804,,,,,
Story_0806,,,,,
Story_0809,,,,,
Story_0811,,,,,
Story_0814,,,,,
Story_0815,,,,,
Story_0817,,,,,
Story_0819,,,,,
Story_0821,,,,,
Story_0824,,,,,
Story_0826,,,,,
Story_0829,,,,,
Story_0830,,,,,
Story_0832,,,,story_Image_RYTA_21.png,
Story_0835,,,,,
Story_0836,,,,,
Story_0838,,,,,
Story_0841,,,,,
Story_0843,,,,story_Image_RYTA_23.png,
Story_0845,,,,,
Story_0847,,,,,
Story_0849,,,,,
Story_0851,,,,,
Story_0853,,,,,
Story_0855,,,,,
Story_0857,,,,,
Story_0859,,,,,
Story_0862,,,,,
Story_0865,,,,,
Story_0867,,,,,
Story_0870,,,,,
Story_0871,,,,,
Story_0873,,,,,
Story_0875,,,,,
Story_0878,,,,,
Story_0881,,,,,
Story_0883,,,,,
Story_0884,,,,,
Story_0886,,,,,
Story_0888,,,,,
Story_0891,,,,,
Story_0893,,,,,
Story_0896,,,,,
Story_0897,,,,,
Story_0899,,,,,
Story_0901,,,,,
Story_0904,,,,,
Story_0907,,,,,
Story_0910,,,,,
Story_0913,,,,,
Story_0915,,,,,
Story_0918,,,,,
Story_0921,,,,,
Story_0923,,,,,
Story_0925,,,,,
Story_0928,,,,,
Story_0931,,,,,
Story_0933,,,,,
Story_0936,,,,,
Story_0938,,,,,
Story_0940,,,,,
Story_0942,,,,,
Story_0945,,,,,
Story_0947,,,,,
Story_0950,,,,,
Story_0953,,,,,
Story_0954,,,,,
Story_0956,,,,,
Story_0959,,,,,
Story_0962,,,,,
Story_0964,,,,,
Story_0967,,,,,
Story_0969,,,,,
Story_0970,,,,,
Story_0973,,,,,
Story_0976,,,,,
Story_0977,,,,,
Story_0979,,,,,
Story_0981,,,,,
Story_0983,,,,,
Story_0986,,,,,
Story_0987,,,,,
Story_0989,,,,,
Story_0993,,,,,
Story_0994,,,,,
Story_0995,,,,,
Story_0997,,,,,
Story_1000,,,,,
Story_1002,,,,,
Story_1004,,,,story_Image_RYTA_27.png,
Story_1006,,,,,
Story_1008,,,,,
Story_1010,,,,,
Story_1012,,,,,
Story_1014,,,,,
Story_1016,,,,,
Story_1019,,,,,
Story_1020,,,,,
Story_1023,,,,,
Story_1026,,,,,
Story_1029,,,,,
Story_1031,,,,,
Story_1034,,,,,
Story_1036,,,,,
Story_1039,,,,,
Story_1041,,,,,
Story_1047,,,,,
Story_1049,,,,story_Image_RYTA_28.png,
Story_1052,,,,,
Story_1054,,,,,
Story_1057,,,,,
Story_1060,,,,,
Story_1062,,,,,
Story_1065,,,,,
Story_1067,,,,,
Story_1069,,,,,
Story_1072,,,,,
Story_1075,,,,,
Story_1078,,,,,
Story_1080,,,,story_Image_RYTA_29.png,
Story_1083,,,,,
Story_1086,,,,,
Story_1087,,,,,
Story_1089,,,,,
Story_1090,,,,,
Story_1093,,,,,
Story_1095,,,,,
Story_1099,,,,,
Story_1101,,,,,
Story_1103,,,,,
Story_1108,,,,,
Story_1111,,,,,
Story_1113,,,,,
Story_1115,,,,,
Story_1118,,,,,
Story_1120,,,,,
Story_1123,,,,,
Story_1126,,,,,
Story_1128,,,,,
Story_1130,,,,story_Image_RYTA_30.png,
Story_1133,,,,,
Story_1135,,,,,
Story_1137,,,,,
Story_1139,,,,,
Story_1141,,,,,
Story_1143,,,,,
Story_1147,,,,,
Story_1149,,,,,
Story_1152,,,,,
Story_1154,,,,,
Story_1156,,,,,
Story_1158,,,,,
Story_1160,,,,,
Story_1164,,,,,
Story_1166,,,,,
Story_1169,,,,,
Story_1173,,,,,
Story_1175,,,,,
Story_1178,,,,,
Story_1179,,,,,
Story_1181,,,,,
Story_1183,,,,,
Story_1185,,,,,
Story_1187,,,,,
Story_1190,,,,,
Story_1195,,,,,
Story_1197,,,,,
Story_1199,,,,,
Story_1201,,,,,
Story_1203,,,,,
Story_1205,,,,,
Story_1207,,,,,
Story_1211,,,,,
Story_1213,,,,,
Story_1215,,,,,
Story_1218,,,,,
Story_1220,,,,,
Story_1223,,,,,
Story_1225,,,,,
Story_1228,,,,,
Story_1232,,,,,
Story_1233,,,,,
Story_1234,,,,,
Story_1236,,,,,
Story_1238,,,,,
Story_1241,,,,,
Story_1243,,,,,
Story_1246,,,,,
Story_1247,,,,,
Story_1250,,,,,
Story_1252,,,,,
Story_1254,,,,,
Story_1257,,,,,
Story_1258,,,,,
Story_1259,,,,,
Story_1261,,,,,
Story_1264,,,,,
Story_1266,,,,,
Story_1268,,,,,
Story_1272,,,,,
Story_1276,,,,,
Story_1278,,,,,
Story_1280,,,,,
Story_1282,,,,,
Story_1284,,,,,
Story_1286,,,,,
Story_1289,,,,,
Story_1291,,,,,
Story_1294,,,,,
Story_1296,,,,,
Story_1299,,,,,
Story_1301,,,,,
Story_1305,,,,,
Story_1307,,,,,
Story_1309,,,,,
Story_1311,,,,,
Story_1315,,,,,
Story_1319,,,,,
Story_1321,,,,,
Story_1325,,,,,
Story_1326,,,,,
Story_1327,,,,,
Story_1330,,,,,
Story_1332,,,,,
Story_1334,,,,,
Story_1336,,,,,
Story_1338,,,,,
Story_1340,,,,,
Story_1342,,,,,
Story_1344,,,,,
Story_1346,,,,,
Story_1348,,,,,
Story_1350,,,,,
Story_1352,,,,,
Story_1354,,,,,
Story_1356,,,,,
Story_1358,,,,,
Story_1360,,,,,
Story_1364,,,,,
Story_1368,,,,,
Story_1370,,,,,
Story_1373,,,,,
Story_1375,,,,,
Story_1378,,,,,
Story_1379,,,,,
Story_1381,,,,,
Story_1384,,,,,
Story_1386,,,,,
Story_1390,,,,,
Story_1391,,,,,
Story_1392,,,,,
Story_1394,,,,,
Story_1398,,,,,
Story_1399,,,,,
Story_1401,,,,,
Story_1403,,,,,
Story_1405,,,,,
Story_1407,,,,,
Story_1409,,,,,
Story_1411,,,,,
Story_1413,,,,,
Story_1415,,,,,
Story_1417,,,,,
Story_1419,,,,,
Story_1421,,,,,
Story_1423,,,,,
Story_1425,,,,,
Story_1427,,,,,
Story_1429,,,,,
Story_1431,,,,,
Story_1433,,,,,
Story_1435,,,,,
Story_1437,,,,,
Story_1439,,,,,
Story_1443,,,,,
Story_1447,,,,,
Story_1449,,,,,
Story_1452,,,,,
Story_1454,,,,,
Story_1457,,,,,
Story_1458,,,,,
Story_1460,,,,,
Story_1463,,,,,
Story_1465,,,,,
Story_1467,,,,,
Story_1469,,,,,
Story_1471,,,,,
Story_1473,,,,,
Story_1477,,,,,
Story_1479,,,,,
Story_1481,,,,,
Story_1483,,,,,
Story_1486,,,,,
Story_1487,,,,,
Story_1489,,,,,
Story_1492,,,,,
Story_1493,,,,,
Story_1495,,,,,
Story_1497,,,,,
Story_1499,,,,,
Story_1503,,,,,
Story_1504,,,,,
Story_1505,,,,,
Story_1507,,,,,
Story_1510,,,,,
Story_1511,,,,,
Story_1513,,,,,
Story_1515,,,,,
Story_1517,,,,,
Story_1519,,,,,
Story_1521,,,,,
Story_1523,,,,,
Story_1525,,,,,
Story_1527,,,,,
Story_1529,,,,,
Story_1531,,,,,
Story_1533,,,,,
Story_1537,,,,,
Story_1539,,,,,
Story_1541,,,,,
Story_1544,,,,,
Story_1546,,,,,
Story_1547,,,,,
Story_1549,,,,,
Story_1551,,,,,
Story_1553,,,,,
Story_1555,,,,,
Story_1557,,,,,
Story_1559,,,,,
Story_1561,,,,,
Story_1563,,,,,
Story_1566,,,,,
Story_1569,,,,,
Story_1571,,,,,
Story_1575,,,,,
Story_1577,,,,,
Story_1581,,,,,
Story_1583,,,,,
Story_1587,,,,,
Story_1589,,,,,
Story_1591,,,,,
Story_1593,,,,,
Story_1595,,,,,
Story_1597,,,,,
Story_1599,,,,,
Story_1601,,,,,
Story_1603,,,,,
Story_1606,,,,,
Story_1607,,,,,
Story_1609,,,,,
Story_1611,,,,,
Story_1613,,,,,
Story_1615,,,,,
Story_1617,,,,,
Story_1620,,,,,
Story_1624,,,,,
Story_1626,,,,,
Story_1631,,,,,
Story_1633,,,,,
Story_1637,,,,,
Story_1641,,,,,
Story_1643,,,,,
Story_1645,,,,,
Story_1647,,,,,
Story_1649,,,,,
Story_1651,,,,,
Story_1654,,,,,
Story_1656,,,,,
Story_1658,,,,,
Story_1660,,,,,
Story_1666,,,,,
Story_1670,,,,,
Story_1674,,,,,
Story_1676,,,,,
Story_1678,,,,,
Story_1680,,,,,
Story_1682,,,,,
Story_1684,,,,,
Story_1687,,,,,
Story_1689,,,,,
Story_1691,,,,,
Story_1693,,,,,