story_ID,choice_group_ID,Target1_type,Target1_change_value,Target2_type,Target2_change_value
Story_0001,선택지,아이템 수량 변경,,아이템 수량 변경,
String,String,String,int,String,int
Story_0000,Choice_Story_0000,Null,,Null,
Story_0004,Choice_Story_0004,Null,,Null,
Story_0006,Choice_Story_0006,Null,,Null,
Story_0008,Choice_Story_0008,Null,,Null,
Story_0010,Choice_Story_0010,Null,,Null,
Story_0012,Choice_Story_0012,Null,,Null,
Story_0014,Choice_Story_0014,Null,,Null,
Story_0017,Choice_Story_0017,Null,,Null,
Story_0018,Choice_Story_0018,Null,,Null,
Story_0020,Choice_Story_0020,Null,,Null,
Story_0023,Choice_Story_0023,Null,,Null,
Story_0025,Choice_Story_0025,Null,,Null,
Story_0028,Choice_Story_0028,Null,,Null,
Story_0029,Choice_Story_0029,Null,,Null,
Story_0031,Choice_Story_0031,Null,,Null,
Story_0033,Choice_Story_0033,Null,,Null,
Story_0034,Choice_Story_0034,Null,,Null,
Story_0036,Choice_Story_0036,Null,,Null,
Story_0038,Choice_Story_0038,Null,,Null,
Story_0040,Choice_Story_0040,Null,,Null,
Story_0042,Choice_Story_0042,Null,,Null,
Story_0044,Choice_Story_0044,Null,,Null,
Story_0046,Choice_Story_0046,Null,,Null,
Story_0049,Choice_Story_0049,Null,,Null,
Story_0051,Choice_Story_0051,Null,,Null,
Story_0053,Choice_Story_0053,Null,,Null,
Story_0055,Choice_Story_0055,Null,,Null,
Story_0057,Choice_Story_0057,Null,,Null,
Story_0059,Choice_Story_0059,Null,,Null,
Story_0062,Choice_Story_0062,Null,,Null,
Story_0064,Choice_Story_0064,Null,,Null,
Story_0066,Choice_Story_0066,Null,,Null,
Story_0068,Choice_Story_0068,Null,,Null,
Story_0070,Choice_Story_0070,Item_repeat,9,Null,
Story_0072,Choice_Story_0072,Item_repeat,-1000,Null,
Story_0074,Choice_Story_0074,Null,,Null,
Story_0076,Choice_Story_0076,Null,,Null,
Story_0078,Choice_Story_0078,Null,,Null,
Story_0080,Choice_Story_0080,Null,,Null,
Story_0082,Choice_Story_0082,Null,,Null,
Story_0084,Choice_Story_0084,Item_money,40,Item_repeat,-100
Story_0086,Choice_Story_0086,Item_repeat,-10,Null,
Story_0088,Choice_Story_0088,Null,,Null,
Story_0090,Choice_Story_0090,Null,,Null,
Story_0092,Choice_Story_0092,Null,,Null,
Story_0093,Choice_Story_0093,Null,,Null,
Story_0095,Choice_Story_0095,Null,,Null,
Story_0097,Choice_Story_0097,Null,,Null,
Story_0099,Choice_Story_0099,Null,,Null,
Story_0101,Choice_Story_0101,Null,,Null,
Story_0103,Choice_Story_0103,Null,,Null,
Story_0105,Choice_Story_0105,Null,,Null,
Story_0107,Choice_Story_0107,Null,,Null,
Story_0109,Choice_Story_0109,Null,,Null,
Story_0111,Choice_Story_0111,Null,,Null,
Story_0114,Choice_Story_0114,Null,,Null,
Story_0115,Choice_Story_0115,Null,,Null,
Story_0117,Choice_Story_0117,Item_money,-5,Null,
Story_0120,Choice_Story_0120,Null,,Null,
Story_0122,Choice_Story_0122,Null,,Null,
Story_0124,Choice_Story_0124,Null,,Null,
Story_0126,Choice_Story_0126,Null,,Null,
Story_0129,Choice_Story_0129,Null,,Null,
Story_0130,Choice_Story_0130,Null,,Null,
Story_0133,Choice_Story_0133,Null,,Null,
Story_0136,Choice_Story_0136,Null,,Null,
Story_0140,Choice_Story_0140,Null,,Null,
Story_0142,Choice_Story_0142,Null,,Null,
Story_0144,Choice_Story_0144,Null,,Null,
Story_0147,Choice_Story_0147,Null,,Null,
Story_0148,Choice_Story_0148,Null,,Null,
Story_0150,Choice_Story_0150,Null,,Null,
Story_0152,Choice_Story_0152,Null,,Null,
Story_0153,Choice_Story_0153,Null,,Null,
Story_0155,Choice_Story_0155,Null,,Null,
Story_0158,Choice_Story_0158,Null,,Null,
Story_0159,Choice_Story_0159,Null,,Null,
Story_0162,Choice_Story_0162,Null,,Null,
Story_0163,Choice_Story_0163,Null,,Null,
Story_0165,Choice_Story_0165,Null,,Null,
Story_0166,Choice_Story_0166,Null,,Null,
Story_0168,Choice_Story_0168,Null,,Null,
Story_0172,Choice_Story_0172,Null,,Null,
Story_0174,Choice_Story_0174,Null,,Null,
Story_0176,Choice_Story_0176,Null,,Null,
Story_0178,Choice_Story_0178,Null,,Null,
Story_0181,Choice_Story_0181,Null,,Null,
Story_0182,Choice_Story_0182,Null,,Null,
Story_0185,Choice_Story_0185,Null,,Null,
Story_0186,Choice_Story_0186,Null,,Null,
Story_0189,Choice_Story_0189,Null,,Null,
Story_0191,Choice_Story_0191,Null,,Null,
Story_0193,Choice_Story_0193,Null,,Null,
Story_0197,Choice_Story_0197,Null,,Null,
Story_0199,Choice_Story_0199,Null,,Null,
Story_0202,Choice_Story_0202,Null,,Null,
Story_0204,Choice_Story_0204,Null,,Null,
Story_0207,Choice_Story_0207,Null,,Null,
Story_0209,Choice_Story_0209,Null,,Null,
Story_0211,Choice_Story_0211,Null,,Null,
Story_0212,Choice_Story_0212,Null,,Null,
Story_0214,Choice_Story_0214,Null,,Null,
Story_0217,Choice_Story_0217,Null,,Null,
Story_0219,Choice_Story_0219,Null,,Null,
Story_0222,Choice_Story_0222,Null,,Null,
Story_0223,Choice_Story_0223,Null,,Null,
Story_0225,Choice_Story_0225,Null,,Null,
Story_0229,Choice_Story_0229,Null,,Null,
Story_0231,Choice_Story_0231,Null,,Null,
Story_0232,Choice_Story_0232,Null,,Null,
Story_0235,Choice_Story_0235,Null,,Null,
Story_0237,Choice_Story_0237,Null,,Null,
Story_0239,Choice_Story_0239,Null,,Null,
Story_0241,Choice_Story_0241,Null,,Null,
Story_0242,Choice_Story_0242,Null,,Null,
Story_0244,Choice_Story_0244,Null,,Null,
Story_0245,Choice_Story_0245,Null,,Null,
Story_0247,Choice_Story_0247,Null,,Null,
Story_0249,Choice_Story_0249,Null,,Null,
Story_0251,Choice_Story_0251,Null,,Null,
Story_0253,Choice_Story_0253,Null,,Null,
Story_0255,Choice_Story_0255,Null,,Null,
Story_0258,Choice_Story_0258,Null,,Null,
Story_0260,Choice_Story_0260,Null,,Null,
Story_0262,Choice_Story_0262,Null,,Null,
Story_0263,Choice_Story_0263,Null,,Null,
Story_0265,Choice_Story_0265,Null,,Null,
Story_0268,Choice_Story_0268,Null,,Null,
Story_0270,Choice_Story_0270,Null,,Null,
Story_0272,Choice_Story_0272,Null,,Null,
Story_0274,Choice_Story_0274,Null,,Null,
Story_0276,Choice_Story_0276,Null,,Null,
Story_0279,Choice_Story_0279,Null,,Null,
Story_0281,Choice_Story_0281,Null,,Null,
Story_0282,Choice_Story_0282,Null,,Null,
Story_0284,Choice_Story_0284,Null,,Null,
Story_0286,Choice_Story_0286,Null,,Null,
Story_0288,Choice_Story_0288,Null,,Null,
Story_0290,Choice_Story_0290,Null,,Null,
Story_0292,Choice_Story_0292,Null,,Null,
Story_0294,Choice_Story_0294,Null,,Null,
Story_0297,Choice_Story_0297,Null,,Null,
Story_0298,Choice_Story_0298,Null,,Null,
Story_0300,Choice_Story_0300,Null,,Null,
Story_0302,Choice_Story_0302,Null,,Null,
Story_0304,Choice_Story_0304,Null,,Null,
Story_0307,Choice_Story_0307,Null,,Null,
Story_0308,Choice_Story_0308,Null,,Null,
Story_0310,Choice_Story_0310,Null,,Null,
Story_0313,Choice_Story_0313,Null,,Null,
Story_0314,Choice_Story_0314,Null,,Null,
Story_0316,Choice_Story_0316,Null,,Null,
Story_0318,Choice_Story_0318,Null,,Null,
Story_0321,Choice_Story_0321,Null,,Null,
Story_0323,Choice_Story_0323,Null,,Null,
Story_0325,Choice_Story_0325,Null,,Null,
Story_0327,Choice_Story_0327,Null,,Null,
Story_0329,Choice_Story_0329,Null,,Null,
Story_0331,Choice_Story_0331,Null,,Null,
Story_0334,Choice_Story_0334,Null,,Null,
Story_0336,Choice_Story_0336,Null,,Null,
Story_0338,Choice_Story_0338,Null,,Null,
Story_0340,Choice_Story_0340,Null,,Null,
Story_0342,Choice_Story_0342,Null,,Null,
Story_0343,Choice_Story_0343,Null,,Null,
Story_0345,Choice_Story_0345,Null,,Null,
Story_0347,Choice_Story_0347,Null,,Null,
Story_0349,Choice_Story_0349,Null,,Null,
Story_0352,Choice_Story_0352,Null,,Null,
Story_0354,Choice_Story_0354,Null,,Null,
Story_0356,Choice_Story_0356,Null,,Null,
Story_0360,Choice_Story_0360,Item_cam,1,Null,
Story_0362,Choice_Story_0362,Null,,Null,
Story_0364,Choice_Story_0364,Null,,Null,
Story_0366,Choice_Story_0366,Null,,Null,
Story_0368,Choice_Story_0368,Null,,Null,
Story_0369,Choice_Story_0369,Null,,Null,
Story_0371,Choice_Story_0371,Null,,Null,
Story_0373,Choice_Story_0373,Null,,Null,
Story_0376,Choice_Story_0376,Null,,Null,
Story_0379,Choice_Story_0379,Null,,Null,
Story_0381,Choice_Story_0381,Null,,Null,
Story_0382,Choice_Story_0382,Null,,Null,
Story_0384,Choice_Story_0384,Null,,Null,
Story_0386,Choice_Story_0386,Null,,Null,
Story_0390,Choice_Story_0390,Null,,Null,
Story_0392,Choice_Story_0392,Null,,Null,
Story_0395,Choice_Story_0395,Null,,Null,
Story_0396,Choice_Story_0396,Null,,Null,
Story_0398,Choice_Story_0398,Null,,Null,
Story_0401,Choice_Story_0401,Null,,Null,
Story_0402,Choice_Story_0402,Null,,Null,
Story_0404,Choice_Story_0404,Null,,Null,
Story_0406,Choice_Story_0406,Null,,Null,
Story_0408,Choice_Story_0408,Item_cam,1,Null,
Story_0409,Choice_Story_0409,Null,,Null,
Story_0411,Choice_Story_0411,Null,,Null,
Story_0413,Choice_Story_0413,Null,,Null,
Story_0415,Choice_Story_0415,Null,,Null,
Story_0417,Choice_Story_0417,Null,,Null,
Story_0419,Choice_Story_0419,Null,,Null,
Story_0421,Choice_Story_0421,Null,,Null,
Story_0424,Choice_Story_0424,Null,,Null,
Story_0427,Choice_Story_0427,Null,,Null,
Story_0430,Choice_Story_0430,Null,,Null,
Story_0431,Choice_Story_0431,Null,,Null,
Story_0433,Choice_Story_0433,Null,,Null,
Story_0436,Choice_Story_0436,Null,,Null,
Story_0438,Choice_Story_0438,Null,,Null,
Story_0440,Choice_Story_0440,Null,,Null,
Story_0442,Choice_Story_0442,Null,,Null,
Story_0444,Choice_Story_0444,Null,,Null,
Story_0446,Choice_Story_0446,Null,,Null,
Story_0448,Choice_Story_0448,Null,,Null,
Story_0450,Choice_Story_0450,Null,,Null,
Story_0452,Choice_Story_0452,Null,,Null,
Story_0454,Choice_Story_0454,Null,,Null,
Story_0456,Choice_Story_0456,Null,,Null,
Story_0459,Choice_Story_0459,Null,,Null,
Story_0460,Choice_Story_0460,Null,,Null,
Story_0462,Choice_Story_0462,Null,,Null,
Story_0464,Choice_Story_0464,Null,,Null,
Story_0466,Choice_Story_0466,Null,,Null,
Story_0469,Choice_Story_0469,Null,,Null,
Story_0470,Choice_Story_0470,Null,,Null,
Story_0472,Choice_Story_0472,Null,,Null,
Story_0474,Choice_Story_0474,Null,,Null,
Story_0476,Choice_Story_0476,Null,,Null,
Story_0480,Choice_Story_0480,Null,,Null,
Story_0482,Choice_Story_0482,Null,,Null,
Story_0485,Choice_Story_0485,Null,,Null,
Story_0487,Choice_Story_0487,Null,,Null,
Story_0488,Choice_Story_0488,Null,,Null,
Story_0490,Choice_Story_0490,Null,,Null,
Story_0492,Choice_Story_0492,Null,,Null,
Story_0494,Choice_Story_0494,Item_card,1,Null,
Story_0496,Choice_Story_0496,Null,,Null,
Story_0498,Choice_Story_0498,Null,,Null,
Story_0499,Choice_Story_0499,Null,,Null,
Story_0501,Choice_Story_0501,Null,,Null,
Story_0503,Choice_Story_0503,Null,,Null,
Story_0506,Choice_Story_0506,Null,,Null,
Story_0509,Choice_Story_0509,Null,,Null,
Story_0510,Choice_Story_0510,Null,,Null,
Story_0513,Choice_Story_0513,Null,,Null,
Story_0517,Choice_Story_0517,Null,,Null,
Story_0519,Choice_Story_0519,Null,,Null,
Story_0520,Choice_Story_0520,Null,,Null,
Story_0522,Choice_Story_0522,Null,,Null,
Story_0524,Choice_Story_0524,Null,,Null,
Story_0527,Choice_Story_0527,Null,,Null,
Story_0528,Choice_Story_0528,Null,,Null,
Story_0530,Choice_Story_0530,Null,,Null,
Story_0532,Choice_Story_0532,Item_map,1,Null,
Story_0534,Choice_Story_0534,Null,,Null,
Story_0536,Choice_Story_0536,Null,,Null,
Story_0538,Choice_Story_0538,Null,,Null,
Story_0540,Choice_Story_0540,Null,,Null,
Story_0543,Choice_Story_0543,Null,,Null,
Story_0544,Choice_Story_0544,Null,,Null,
Story_0546,Choice_Story_0546,Null,,Null,
Story_0548,Choice_Story_0548,Null,,Null,
Story_0550,Choice_Story_0550,Null,,Null,
Story_0552,Choice_Story_0552,Null,,Null,
Story_0555,Choice_Story_0555,Null,,Null,
Story_0556,Choice_Story_0556,Null,,Null,
Story_0558,Choice_Story_0558,Null,,Null,
Story_0561,Choice_Story_0561,Null,,Null,
Story_0564,Choice_Story_0564,Null,,Null,
Story_0566,Choice_Story_0566,Null,,Null,
Story_0568,Choice_Story_0568,Null,,Null,
Story_0572,Choice_Story_0572,Null,,Null,
Story_0574,Choice_Story_0574,Null,,Null,
Story_0578,Choice_Story_0578,Null,,Null,
Story_0579,Choice_Story_0579,Null,,Null,
Story_0580,Choice_Story_0580,Null,,Null,
Story_0582,Choice_Story_0582,Null,,Null,
Story_0585,Choice_Story_0585,Null,,Null,
Story_0586,Choice_Story_0586,Null,,Null,
Story_0588,Choice_Story_0588,Null,,Null,
Story_0589,Choice_Story_0589,Null,,Null,
Story_0592,Choice_Story_0592,Null,,Null,
Story_0594,Choice_Story_0594,Null,,Null,
Story_0597,Choice_Story_0597,Null,,Null,
Story_0599,Choice_Story_0599,Null,,Null,
Story_0602,Choice_Story_0602,Null,,Null,
Story_0604,Choice_Story_0604,Null,,Null,
Story_0606,Choice_Story_0606,Null,,Null,
Story_0608,Choice_Story_0608,Null,,Null,
Story_0610,Choice_Story_0610,Null,,Null,
Story_0612,Choice_Story_0612,Null,,Null,
Story_0615,Choice_Story_0615,Null,,Null,
Story_0618,Choice_Story_0618,Null,,Null,
Story_0621,Choice_Story_0621,Null,,Null,
Story_0623,Choice_Story_0623,Null,,Null,
Story_0626,Choice_Story_0626,Null,,Null,
Story_0627,Choice_Story_0627,Null,,Null,
Story_0629,Choice_Story_0629,Null,,Null,
Story_0631,Choice_Story_0631,Null,,Null,
Story_0633,Choice_Story_0633,Null,,Null,
Story_0636,Choice_Story_0636,Null,,Null,
Story_0637,Choice_Story_0637,Null,,Null,
Story_0640,Choice_Story_0640,Null,,Null,
Story_0642,Choice_Story_0642,Null,,Null,
Story_0644,Choice_Story_0644,Null,,Null,
Story_0645,Choice_Story_0645,Null,,Null,
Story_0647,Choice_Story_0647,Null,,Null,
Story_0649,Choice_Story_0649,Null,,Null,
Story_0651,Choice_Story_0651,Null,,Null,
Story_0653,Choice_Story_0653,Null,,Null,
Story_0655,Choice_Story_0655,Null,,Null,
Story_0658,Choice_Story_0658,Null,,Null,
Story_0659,Choice_Story_0659,Null,,Null,
Story_0661,Choice_Story_0661,Null,,Null,
Story_0663,Choice_Story_0663,Null,,Null,
Story_0666,Choice_Story_0666,Null,,Null,
Story_0667,Choice_Story_0667,Null,,Null,
Story_0669,Choice_Story_0669,Null,,Null,
Story_0672,Choice_Story_0672,Null,,Null,
Story_0673,Choice_Story_0673,Null,,Null,
Story_0676,Choice_Story_0676,Null,,Null,
Story_0680,Choice_Story_0680,Item_repeat1,9,Null,
Story_0682,Choice_Story_0682,Item_repeat1,-1000,Null,
Story_0685,Choice_Story_0685,Item_money,-1,Item_pp,1
Story_0687,Choice_Story_0687,Item_repeat1,-100,Null,
Story_0689,Choice_Story_0689,Item_money,-3,Item_cam,1
Story_0691,Choice_Story_0691,Item_repeat1,-10,Null,
Story_0693,Choice_Story_0693,Item_money,-2,Item_knife,1
Story_0695,Choice_Story_0695,Item_repeat1,-1,Null,
Story_0697,Choice_Story_0697,Item_money,-2,Item_photo,1
Story_0698,Choice_Story_0698,Null,,Null,
Story_0700,Choice_Story_0700,Null,,Null,
Story_0701,Choice_Story_0701,Null,,Null,
Story_0703,Choice_Story_0703,Null,,Null,
Story_0706,Choice_Story_0706,Null,,Null,
Story_0711,Choice_Story_0711,Null,,Null,
Story_0713,Choice_Story_0713,Null,,Null,
Story_0716,Choice_Story_0716,Null,,Null,
Story_0718,Choice_Story_0718,Null,,Null,
Story_0720,Choice_Story_0720,Null,,Null,
Story_0722,Choice_Story_0722,Null,,Null,
Story_0726,Choice_Story_0726,Null,,Null,
Story_0729,Choice_Story_0729,Null,,Null,
Story_0731,Choice_Story_0731,Null,,Null,
Story_0733,Choice_Story_0733,Null,,Null,
Story_0736,Choice_Story_0736,Null,,Null,
Story_0738,Choice_Story_0738,Null,,Null,
Story_0740,Choice_Story_0740,Item_photo,-1,Null,
Story_0745,Choice_Story_0745,Null,,Null,
Story_0747,Choice_Story_0747,Null,,Null,
Story_0750,Choice_Story_0750,Null,,Null,
Story_0751,Choice_Story_0751,Null,,Null,
Story_0753,Choice_Story_0753,Null,,Null,
Story_0755,Choice_Story_0755,Null,,Null,
Story_0757,Choice_Story_0757,Null,,Null,
Story_0759,Choice_Story_0759,Null,,Null,
Story_0761,Choice_Story_0761,Null,,Null,
Story_0763,Choice_Story_0763,Null,,Null,
Story_0767,Choice_Story_0767,Null,,Null,
Story_0768,Choice_Story_0768,Null,,Null,
Story_0770,Choice_Story_0770,Null,,Null,
Story_0772,Choice_Story_0772,Null,,Null,
Story_0774,Choice_Story_0774,Null,,Null,
Story_0776,Choice_Story_0776,Null,,Null,
Story_0779,Choice_Story_0779,Null,,Null,
Story_0780,Choice_Story_0780,Null,,Null,
Story_0783,Choice_Story_0783,Null,,Null,
Story_0785,Choice_Story_0785,Null,,Null,
Story_0788,Choice_Story_0788,Null,,Null,
Story_0789,Choice_Story_0789,Null,,Null,
Story_0791,Choice_Story_0791,Null,,Null,
Story_0793,Choice_Story_0793,Null,,Null,
Story_0795,Choice_Story_0795,Null,,Null,
Story_0797,Choice_Story_0797,Null,,Null,
Story_0800,Choice_Story_0800,Null,,Null,
Story_0803,Choice_Story_0803,Null,,Null,
Story_0804,Choice_Story_0804,Null,,Null,
Story_0806,Choice_Story_0806,Null,,Null,
Story_0809,Choice_Story_0809,Null,,Null,
Story_0811,Choice_Story_0811,Null,,Null,
Story_0814,Choice_Story_0814,Null,,Null,
Story_0815,Choice_Story_0815,Null,,Null,
Story_0817,Choice_Story_0817,Null,,Null,
Story_0819,Choice_Story_0819,Null,,Null,
Story_0821,Choice_Story_0821,Null,,Null,
Story_0824,Choice_Story_0824,Null,,Null,
Story_0826,Choice_Story_0826,Null,,Null,
Story_0829,Choice_Story_0829,Null,,Null,
Story_0830,Choice_Story_0830,Null,,Null,
Story_0832,Choice_Story_0832,Null,,Null,
Story_0835,Choice_Story_0835,Null,,Null,
Story_0836,Choice_Story_0836,Null,,Null,
Story_0838,Choice_Story_0838,Null,,Null,
Story_0841,Choice_Story_0841,Null,,Null,
Story_0843,Choice_Story_0843,Item_book,1,Null,
Story_0845,Choice_Story_0845,Null,,Null,
Story_0847,Choice_Story_0847,Null,,Null,
Story_0849,Choice_Story_0849,Null,,Null,
Story_0851,Choice_Story_0851,Null,,Null,
Story_0853,Choice_Story_0853,Null,,Null,
Story_0855,Choice_Story_0855,Null,,Null,
Story_0857,Choice_Story_0857,Null,,Null,
Story_0859,Choice_Story_0859,Null,,Null,
Story_0862,Choice_Story_0862,Null,,Null,
Story_0865,Choice_Story_0865,Null,,Null,
Story_0867,Choice_Story_0867,Null,,Null,
Story_0870,Choice_Story_0870,Null,,Null,
Story_0871,Choice_Story_0871,Null,,Null,
Story_0873,Choice_Story_0873,Null,,Null,
Story_0875,Choice_Story_0875,Item_money,-5,Null,
Story_0878,Choice_Story_0878,Null,,Null,
Story_0881,Choice_Story_0881,Null,,Null,
Story_0883,Choice_Story_0883,Null,,Null,
Story_0884,Choice_Story_0884,Null,,Null,
Story_0886,Choice_Story_0886,Item_money,-5,Null,
Story_0888,Choice_Story_0888,Null,,Null,
Story_0891,Choice_Story_0891,Null,,Null,
Story_0893,Choice_Story_0893,Null,,Null,
Story_0896,Choice_Story_0896,Null,,Null,
Story_0897,Choice_Story_0897,Null,,Null,
Story_0899,Choice_Story_0899,Null,,Null,
Story_0901,Choice_Story_0901,Null,,Null,
Story_0904,Choice_Story_0904,Null,,Null,
Story_0907,Choice_Story_0907,Null,,Null,
Story_0910,Choice_Story_0910,Null,,Null,
Story_0913,Choice_Story_0913,Null,,Null,
Story_0915,Choice_Story_0915,Null,,Null,
Story_0918,Choice_Story_0918,Null,,Null,
Story_0921,Choice_Story_0921,Null,,Null,
Story_0923,Choice_Story_0923,Null,,Null,
Story_0925,Choice_Story_0925,Null,,Null,
Story_0928,Choice_Story_0928,Null,,Null,
Story_0931,Choice_Story_0931,Null,,Null,
Story_0933,Choice_Story_0933,Null,,Null,
Story_0936,Choice_Story_0936,Null,,Null,
Story_0938,Choice_Story_0938,Null,,Null,
Story_0940,Choice_Story_0940,Null,,Null,
Story_0942,Choice_Story_0942,Null,,Null,
Story_0945,Choice_Story_0945,Null,,Null,
Story_0947,Choice_Story_0947,Null,,Null,
Story_0950,Choice_Story_0950,Null,,Null,
Story_0953,Choice_Story_0953,Null,,Null,
Story_0954,Choice_Story_0954,Null,,Null,
Story_0956,Choice_Story_0956,Null,,Null,
Story_0959,Choice_Story_0959,Null,,Null,
Story_0962,Choice_Story_0962,Null,,Null,
Story_0964,Choice_Story_0964,Null,,Null,
Story_0967,Choice_Story_0967,Null,,Null,
Story_0969,Choice_Story_0969,Null,,Null,
Story_0970,Choice_Story_0970,Null,,Null,
Story_0973,Choice_Story_0973,Null,,Null,
Story_0976,Choice_Story_0976,Null,,Null,
Story_0977,Choice_Story_0977,Null,,Null,
Story_0979,Choice_Story_0979,Null,,Null,
Story_0981,Choice_Story_0981,Null,,Null,
Story_0983,Choice_Story_0983,Null,,Null,
Story_0986,Choice_Story_0986,Null,,Null,
Story_0987,Choice_Story_0987,Null,,Null,
Story_0989,Choice_Story_0989,Null,,Null,
Story_0993,Choice_Story_0993,Null,,Null,
Story_0994,Choice_Story_0994,Null,,Null,
Story_0995,Choice_Story_0995,Null,,Null,
Story_0997,Choice_Story_0997,Null,,Null,
Story_1000,Choice_Story_1000,Null,,Null,
Story_1002,Choice_Story_1002,Null,,Null,
Story_1004,Choice_Story_1004,Null,,Null,
Story_1006,Choice_Story_1006,Null,,Null,
Story_1008,Choice_Story_1008,Null,,Null,
Story_1010,Choice_Story_1010,Null,,Null,
Story_1012,Choice_Story_1012,Null,,Null,
Story_1014,Choice_Story_1014,Null,,Null,
Story_1016,Choice_Story_1016,Null,,Null,
Story_1019,Choice_Story_1019,Null,,Null,
Story_1020,Choice_Story_1020,Null,,Null,
Story_1023,Choice_Story_1023,Null,,Null,
Story_1026,Choice_Story_1026,Null,,Null,
Story_1029,Choice_Story_1029,Null,,Null,
Story_1031,Choice_Story_1031,Null,,Null,
Story_1033,Choice_Story_1033,Null,,Null,
Story_1035,Choice_Story_1035,Null,,Null,
Story_1037,Choice_Story_1037,Null,,Null,
Story_1040,Choice_Story_1040,Null,,Null,
Story_1042,Choice_Story_1042,Null,,Null,
Story_1043,Choice_Story_1043,Null,,Null,
Story_1049,Choice_Story_1049,Null,,Null,
Story_1051,Choice_Story_1051,Null,,Null,
Story_1054,Choice_Story_1054,Null,,Null,
Story_1056,Choice_Story_1056,Null,,Null,
Story_1059,Choice_Story_1059,Null,,Null,
Story_1062,Choice_Story_1062,Null,,Null,
Story_1064,Choice_Story_1064,Null,,Null,
Story_1067,Choice_Story_1067,Null,,Null,
Story_1069,Choice_Story_1069,Null,,Null,
Story_1071,Choice_Story_1071,Null,,Null,
Story_1074,Choice_Story_1074,Item_cam,-1,Null,
Story_1077,Choice_Story_1077,Null,,Null,
Story_1080,Choice_Story_1080,Null,,Null,
Story_1082,Choice_Story_1082,Null,,Null,
Story_1085,Choice_Story_1085,Null,,Null,
Story_1088,Choice_Story_1088,Null,,Null,
Story_1089,Choice_Story_1089,Null,,Null,
Story_1093,Choice_Story_1093,Null,,Null,
Story_1094,Choice_Story_1094,Item_rec,1,Null,
Story_1097,Choice_Story_1097,Null,,Null,
Story_1099,Choice_Story_1099,Null,,Null,
Story_1103,Choice_Story_1103,Null,,Null,
Story_1105,Choice_Story_1105,Null,,Null,
Story_1107,Choice_Story_1107,Null,,Null,
Story_1112,Choice_Story_1112,Null,,Null,
Story_1115,Choice_Story_1115,Null,,Null,
Story_1117,Choice_Story_1117,Null,,Null,
Story_1119,Choice_Story_1119,Null,,Null,
Story_1122,Choice_Story_1122,Null,,Null,
Story_1124,Choice_Story_1124,Null,,Null,
Story_1127,Choice_Story_1127,Null,,Null,
Story_1129,Choice_Story_1129,Null,,Null,
Story_1132,Choice_Story_1132,Null,,Null,
Story_1134,Choice_Story_1134,Null,,Null,
Story_1136,Choice_Story_1136,Null,,Null,
Story_1138,Choice_Story_1138,Null,,Null,
Story_1141,Choice_Story_1141,Null,,Null,
Story_1143,Choice_Story_1143,Null,,Null,
Story_1145,Choice_Story_1145,Null,,Null,
Story_1147,Choice_Story_1147,Null,,Null,
Story_1149,Choice_Story_1149,Null,,Null,
Story_1151,Choice_Story_1151,Null,,Null,
Story_1155,Choice_Story_1155,Null,,Null,
Story_1157,Choice_Story_1157,Null,,Null,
Story_1160,Choice_Story_1160,Null,,Null,
Story_1162,Choice_Story_1162,Null,,Null,
Story_1164,Choice_Story_1164,Null,,Null,
Story_1166,Choice_Story_1166,Null,,Null,
Story_1168,Choice_Story_1168,Item_modulator,1,Null,
Story_1172,Choice_Story_1172,Null,,Null,
Story_1174,Choice_Story_1174,Null,,Null,
Story_1177,Choice_Story_1177,Null,,Null,
Story_1181,Choice_Story_1181,Item_money,-1,Null,
Story_1183,Choice_Story_1183,Item_money,-2,Null,
Story_1186,Choice_Story_1186,Item_money,-2,Null,
Story_1187,Choice_Story_1187,Null,,Null,
Story_1189,Choice_Story_1189,Null,,Null,
Story_1191,Choice_Story_1191,Null,,Null,
Story_1193,Choice_Story_1193,Null,,Null,
Story_1195,Choice_Story_1195,Null,,Null,
Story_1198,Choice_Story_1198,Null,,Null,
Story_1203,Choice_Story_1203,Null,,Null,
Story_1205,Choice_Story_1205,Null,,Null,
Story_1207,Choice_Story_1207,Null,,Null,
Story_1209,Choice_Story_1209,Null,,Null,
Story_1211,Choice_Story_1211,Item_sign,1,Null,
Story_1213,Choice_Story_1213,Null,,Null,
Story_1215,Choice_Story_1215,Null,,Null,
Story_1219,Choice_Story_1219,Null,,Null,
Story_1221,Choice_Story_1221,Null,,Null,
Story_1223,Choice_Story_1223,Null,,Null,
Story_1226,Choice_Story_1226,Null,,Null,
Story_1228,Choice_Story_1228,Null,,Null,
Story_1231,Choice_Story_1231,Null,,Null,
Story_1233,Choice_Story_1233,Null,,Null,
Story_1236,Choice_Story_1236,Null,,Null,
Story_1240,Choice_Story_1240,Null,,Null,
Story_1241,Choice_Story_1241,Null,,Null,
Story_1242,Choice_Story_1242,Null,,Null,
Story_1244,Choice_Story_1244,Null,,Null,
Story_1246,Choice_Story_1246,Null,,Null,
Story_1249,Choice_Story_1249,Null,,Null,
Story_1251,Choice_Story_1251,Null,,Null,
Story_1254,Choice_Story_1254,Null,,Null,
Story_1255,Choice_Story_1255,Null,,Null,
Story_1258,Choice_Story_1258,Null,,Null,
Story_1260,Choice_Story_1260,Null,,Null,
Story_1262,Choice_Story_1262,Null,,Null,
Story_1265,Choice_Story_1265,Null,,Null,
Story_1266,Choice_Story_1266,Item_modulator,1,Null,
Story_1267,Choice_Story_1267,Null,,Null,
Story_1269,Choice_Story_1269,Null,,Null,
Story_1272,Choice_Story_1272,Null,,Null,
Story_1274,Choice_Story_1274,Null,,Null,
Story_1276,Choice_Story_1276,Null,,Null,
Story_1280,Choice_Story_1280,Null,,Null,
Story_1284,Choice_Story_1284,Null,,Null,
Story_1286,Choice_Story_1286,Null,,Null,
Story_1288,Choice_Story_1288,Null,,Null,
Story_1290,Choice_Story_1290,Null,,Null,
Story_1292,Choice_Story_1292,Null,,Null,
Story_1294,Choice_Story_1294,Null,,Null,
Story_1297,Choice_Story_1297,Null,,Null,
Story_1299,Choice_Story_1299,Null,,Null,
Story_1302,Choice_Story_1302,Null,,Null,
Story_1304,Choice_Story_1304,Null,,Null,
Story_1307,Choice_Story_1307,Null,,Null,
Story_1309,Choice_Story_1309,Null,,Null,
Story_1313,Choice_Story_1313,Null,,Null,
Story_1315,Choice_Story_1315,Null,,Null,
Story_1317,Choice_Story_1317,Null,,Null,
Story_1319,Choice_Story_1319,Null,,Null,
Story_1323,Choice_Story_1323,Null,,Null,
Story_1327,Choice_Story_1327,Null,,Null,
Story_1329,Choice_Story_1329,Null,,Null,
Story_1333,Choice_Story_1333,Null,,Null,
Story_1334,Choice_Story_1334,Null,,Null,
Story_1335,Choice_Story_1335,Null,,Null,
Story_1338,Choice_Story_1338,Null,,Null,
Story_1340,Choice_Story_1340,Null,,Null,
Story_1342,Choice_Story_1342,Null,,Null,
Story_1344,Choice_Story_1344,Null,,Null,
Story_1346,Choice_Story_1346,Null,,Null,
Story_1348,Choice_Story_1348,Null,,Null,
Story_1350,Choice_Story_1350,Null,,Null,
Story_1352,Choice_Story_1352,Null,,Null,
Story_1354,Choice_Story_1354,Null,,Null,
Story_1356,Choice_Story_1356,Null,,Null,
Story_1358,Choice_Story_1358,Null,,Null,
Story_1360,Choice_Story_1360,Null,,Null,
Story_1362,Choice_Story_1362,Null,,Null,
Story_1364,Choice_Story_1364,Null,,Null,
Story_1366,Choice_Story_1366,Null,,Null,
Story_1368,Choice_Story_1368,Null,,Null,
Story_1372,Choice_Story_1372,Null,,Null,
Story_1376,Choice_Story_1376,Null,,Null,
Story_1378,Choice_Story_1378,Null,,Null,
Story_1381,Choice_Story_1381,Null,,Null,
Story_1383,Choice_Story_1383,Null,,Null,
Story_1386,Choice_Story_1386,Null,,Null,
Story_1387,Choice_Story_1387,Null,,Null,
Story_1389,Choice_Story_1389,Null,,Null,
Story_1392,Choice_Story_1392,Null,,Null,
Story_1394,Choice_Story_1394,Null,,Null,
Story_1398,Choice_Story_1398,Null,,Null,
Story_1399,Choice_Story_1399,Null,,Null,
Story_1400,Choice_Story_1400,Null,,Null,
Story_1402,Choice_Story_1402,Null,,Null,
Story_1406,Choice_Story_1406,Null,,Null,
Story_1407,Choice_Story_1407,Null,,Null,
Story_1409,Choice_Story_1409,Null,,Null,
Story_1411,Choice_Story_1411,Null,,Null,
Story_1413,Choice_Story_1413,Null,,Null,
Story_1415,Choice_Story_1415,Null,,Null,
Story_1417,Choice_Story_1417,Null,,Null,
Story_1419,Choice_Story_1419,Null,,Null,
Story_1421,Choice_Story_1421,Null,,Null,
Story_1423,Choice_Story_1423,Null,,Null,
Story_1425,Choice_Story_1425,Null,,Null,
Story_1427,Choice_Story_1427,Null,,Null,
Story_1429,Choice_Story_1429,Null,,Null,
Story_1431,Choice_Story_1431,Null,,Null,
Story_1433,Choice_Story_1433,Null,,Null,
Story_1435,Choice_Story_1435,Null,,Null,
Story_1437,Choice_Story_1437,Null,,Null,
Story_1439,Choice_Story_1439,Null,,Null,
Story_1441,Choice_Story_1441,Null,,Null,
Story_1443,Choice_Story_1443,Null,,Null,
Story_1445,Choice_Story_1445,Null,,Null,
Story_1447,Choice_Story_1447,Null,,Null,
Story_1451,Choice_Story_1451,Null,,Null,
Story_1455,Choice_Story_1455,Null,,Null,
Story_1457,Choice_Story_1457,Null,,Null,
Story_1460,Choice_Story_1460,Null,,Null,
Story_1462,Choice_Story_1462,Null,,Null,
Story_1465,Choice_Story_1465,Null,,Null,
Story_1466,Choice_Story_1466,Null,,Null,
Story_1468,Choice_Story_1468,Null,,Null,
Story_1471,Choice_Story_1471,Null,,Null,
Story_1473,Choice_Story_1473,Null,,Null,
Story_1475,Choice_Story_1475,Null,,Null,
Story_1477,Choice_Story_1477,Null,,Null,
Story_1479,Choice_Story_1479,Null,,Null,
Story_1481,Choice_Story_1481,Item_wolfstamp,1,Null,
Story_1485,Choice_Story_1485,Null,,Null,
Story_1487,Choice_Story_1487,Null,,Null,
Story_1489,Choice_Story_1489,Null,,Null,
Story_1491,Choice_Story_1491,Null,,Null,
Story_1494,Choice_Story_1494,Null,,Null,
Story_1495,Choice_Story_1495,Null,,Null,
Story_1497,Choice_Story_1497,Null,,Null,
Story_1500,Choice_Story_1500,Null,,Null,
Story_1501,Choice_Story_1501,Null,,Null,
Story_1503,Choice_Story_1503,Null,,Null,
Story_1505,Choice_Story_1505,Null,,Null,
Story_1507,Choice_Story_1507,Null,,Null,
Story_1511,Choice_Story_1511,Null,,Null,
Story_1512,Choice_Story_1512,Null,,Null,
Story_1513,Choice_Story_1513,Null,,Null,
Story_1515,Choice_Story_1515,Null,,Null,
Story_1518,Choice_Story_1518,Null,,Null,
Story_1519,Choice_Story_1519,Null,,Null,
Story_1521,Choice_Story_1521,Null,,Null,
Story_1523,Choice_Story_1523,Null,,Null,
Story_1525,Choice_Story_1525,Null,,Null,
Story_1527,Choice_Story_1527,Null,,Null,
Story_1529,Choice_Story_1529,Null,,Null,
Story_1531,Choice_Story_1531,Null,,Null,
Story_1533,Choice_Story_1533,Null,,Null,
Story_1535,Choice_Story_1535,Null,,Null,
Story_1537,Choice_Story_1537,Null,,Null,
Story_1539,Choice_Story_1539,Null,,Null,
Story_1541,Choice_Story_1541,Null,,Null,
Story_1545,Choice_Story_1545,Null,,Null,
Story_1547,Choice_Story_1547,Null,,Null,
Story_1549,Choice_Story_1549,Null,,Null,
Story_1552,Choice_Story_1552,Null,,Null,
Story_1554,Choice_Story_1554,Null,,Null,
Story_1555,Choice_Story_1555,Null,,Null,
Story_1557,Choice_Story_1557,Null,,Null,
Story_1559,Choice_Story_1559,Null,,Null,
Story_1561,Choice_Story_1561,Null,,Null,
Story_1563,Choice_Story_1563,Null,,Null,
Story_1565,Choice_Story_1565,Null,,Null,
Story_1567,Choice_Story_1567,Null,,Null,
Story_1569,Choice_Story_1569,Null,,Null,
Story_1571,Choice_Story_1571,Null,,Null,
Story_1574,Choice_Story_1574,Null,,Null,
Story_1577,Choice_Story_1577,Null,,Null,
Story_1579,Choice_Story_1579,Null,,Null,
Story_1583,Choice_Story_1583,Null,,Null,
Story_1585,Choice_Story_1585,Null,,Null,
Story_1589,Choice_Story_1589,Null,,Null,
Story_1591,Choice_Story_1591,Item_money,-5,Null,
Story_1595,Choice_Story_1595,Null,,Null,
Story_1597,Choice_Story_1597,Null,,Null,
Story_1599,Choice_Story_1599,Null,,Null,
Story_1601,Choice_Story_1601,Item_postit,1,Null,
Story_1603,Choice_Story_1603,Item_book,-1,Null,
Story_1605,Choice_Story_1605,Null,,Null,
Story_1607,Choice_Story_1607,Null,,Null,
Story_1609,Choice_Story_1609,Null,,Null,
Story_1611,Choice_Story_1611,Null,,Null,
Story_1614,Choice_Story_1614,Null,,Null,
Story_1615,Choice_Story_1615,Null,,Null,
Story_1617,Choice_Story_1617,Null,,Null,
Story_1619,Choice_Story_1619,Item_paper,1,Null,
Story_1621,Choice_Story_1621,Null,,Null,
Story_1623,Choice_Story_1623,Null,,Null,
Story_1625,Choice_Story_1625,Null,,Null,
Story_1628,Choice_Story_1628,Null,,Null,
Story_1632,Choice_Story_1632,Null,,Null,
Story_1634,Choice_Story_1634,Null,,Null,
Story_1639,Choice_Story_1639,Null,,Null,
Story_1641,Choice_Story_1641,Null,,Null,
Story_1645,Choice_Story_1645,Null,,Null,
Story_1649,Choice_Story_1649,Null,,Null,
Story_1651,Choice_Story_1651,Null,,Null,
Story_1653,Choice_Story_1653,Null,,Null,
Story_1655,Choice_Story_1655,Null,,Null,
Story_1657,Choice_Story_1657,Null,,Null,
Story_1659,Choice_Story_1659,Null,,Null,
Story_1662,Choice_Story_1662,Null,,Null,
Story_1664,Choice_Story_1664,Null,,Null,
Story_1666,Choice_Story_1666,Null,,Null,
Story_1668,Choice_Story_1668,Null,,Null,
Story_1674,Choice_Story_1674,Item_postit,-1,Null,
Story_1678,Choice_Story_1678,Null,,Null,
Story_1682,Choice_Story_1682,Null,,Null,
Story_1684,Choice_Story_1684,Null,,Null,
Story_1686,Choice_Story_1686,Null,,Null,
Story_1688,Choice_Story_1688,Null,,Null,
Story_1690,Choice_Story_1690,Null,,Null,
Story_1692,Choice_Story_1692,Null,,Null,
Story_1695,Choice_Story_1695,Null,,Null,
Story_1697,Choice_Story_1697,Null,,Null,
Story_1699,Choice_Story_1699,Null,,Null,
Story_1701,Choice_Story_1701,Null,,Null,