story_ID,story
스토리,내용
string,string
Story_0000, 책장을 지나치다 빛이 나는 진보라색 책을 발견한다. \n 마법책에서나 볼 것 같은 글씨체로 적힌 ‘RYTA’라는 제목 아래 적힌 글을 읽어본다. \n 『‘동화’\c 당신은 동화를 어떻게 생각하시나요? 어릴 적 읽었던 유치한 이야기? 아니면 상상력을 자극하는 동심 가득한 이야기? ···』
Story_0004, 뒤에는 읽어볼 것도 없다. \n 결국 동심으로 돌아가 한 번 상상력을 자극하라는 이야기겠지. \n 쓸데없는 책을 읽으려고 했다는 생각에 책을 다시 원래 자리로 되돌려 놓는다.
Story_0006, 『··· 사실 어떻게 생각하든 상관없습니다. 지금부턴 어떻게 생각하든지간에 당신은 이 ‘리타(ryta)’에서 이야기를 새로 써가야할 테니까요.』 \n 1시간 정도 더 도서관에서 책을 보다가 오늘은 어떠한 책도 빌리지 않고 밖으로 나선다. \n
Story_0008, 분수? 언제부터 도서관 앞에 분수가 있었지? \n 분명히 도서관을 나가면 돌계단과 주차장이 보여야 하는데 지금 눈 앞에 보이는 건 분수다.
Story_0010, 눈 앞에 있는 건 도서관의 유리문이 아니라 어떤 집의 나무문이다. \n 당황스럽지만 계단을 내려간다. 혹시나하는 생각에 다시 그 문을 바라보지만 역시나 도서관 문은 아니다. \n  \q거기\c 남의 집 앞에서 뭐하셔?\q
Story_0012, \q무슨 소리야. 여기 우리 집이야\c 내 집.\q
Story_0014, \q우리 집이라니까? 리타 로도드 1번가 1에 있는 내 집.\q \n 리타(ryta)\c 로도드(rhodode). \n 리타? 어디서 들어봤지?\n그럼 일단 여긴 대한민국이 아닌건가. \n 혼란스러워 잠시 멍을 때리자 다시 집주인이 말을 건다.  \n \q옷 보니까 빨간 모자님 보러 왔나 본데 여기 빨간 모자님 집 아니야. 곧 있으면 분수대 앞에 오실 거야. 좀만 기다려봐.\q
Story_0017, 지금에서야 입고 있는 옷을 바라보니 집주인처럼 빨간 망토를 두르고 갈색 가방을 매고 있다. \n 도저히 지금의 상황을 이해할 수 없어 잠시 머리를 굴린다. 팔에서 느껴지는 감각에 쳐다보니 집주인이 손가락으로 반대편을 가리킨다. \n 그곳을 쳐다보자 빨간 망토를 두른 사람들이 우르르 모여 있다.
Story_0018, 앞에 서 있는 집주인부터 주변을 둘러보았을 때 보이는 사람들까지 모두가 빨간 망토를 두르고 있다. \n 도저히 지금의 상황을 이해할 수 없어 잠시 머리를 굴린다. 팔에서 느껴지는 감각에 쳐다보니 집주인이 손가락으로 반대편을 가리킨다. \n 그곳을 쳐다보자 빨간 망토를 두른 사람들이 우르르 모여있다.
Story_0020, 상황 파악이 되지 않아 멍한 상태로 사람들에게 천천히 걸어간다. \n 북적북적하게 몰려있는 사람들의 틈에 다른 사람들과 다르게 더 밝은 빨간색의 망토가 보인다. \n 그 망토의 주인을 보기 위해 틈을 비집고 들어가려고 하지만 너무나 많은 사람들이 계속 몰려들어 보는 것이 쉽지 않다.
Story_0023, 밝은 빨간 모자의 주인이 타이밍에 맞춰 내 쪽으로 고개를 돌린다. \n 중학생 정도로 보이는 갈색 단발머리의 소녀.
Story_0025, 눈이 마주치자마자 소녀 쪽으로 다가가려는 사람들에 의해 뒤로 밀려나고 그제서야 다른 사람들의 말이 들린다. \n \q빨간 모자님\c 오늘도 저희 마을을 지켜주셔서 감사합니다!\q \n \q빨간 모자님\c 이거 받아주세요.\q
Story_0028, \q빨간 모자님\c 오늘도 저희 마을을 지켜주셔서 감사합니다!\q \n \q빨간 모자님\c 이거 받아 주세요.\q
Story_0029, 아까 본 집주인부터 여기 있는 사람들까지 모두가 그 소녀를 '빨간 모자님'이라고 지칭한다. \n 사람 이름이 아니라 빨간 모자라고 표현하는 것도 모자라 '님'자를 붙여 높여 표현하는 게 마치 신을 바라보는 것처럼 보인다. \n 거기다 사람들은 그 소녀에게 돈부터 과일까지 다양한 것들을 건넨다.
Story_0031, 여태까지 본 이상한 상황들을 더이상 받아들일 수 없어 내가 있던 도서관으로 향하고 싶은 마음이 내 온몸을 사로잡는다. \n 하지만 다시 돌아간 곳엔 도서관은 무슨\c 그 집주인의 집 문 그대로다.
Story_0033, 내 현실은 변하지 않는다는 걸 새삼 눈으로 보니 온몸의 힘이 풀린다. \n \q빨간 모자님 봤구나. 처음 보면 다 그래. 오늘도 우리 마을을 지켜주려고 오셨나 보네.\q
Story_0034, \q왜 가까이 안 가? 하루에 한 번밖에 못 봐. 가까이 가면 다른 사람들보다 더 밝은 빨간색의 망토를 하고 계시는 분이 계실 텐데 그 분이 빨간 모자님이야.\q \n 다시 사람들이 모인 곳을 바라보자 잠시지만 정말 사람들 사이에 밝은 빨간색의 망토가 보였다. 
Story_0036, \q빨간 모자님? 갈색 단발 머리에 눈꼬리가 축 처진 게 강아지를 쏙 빼닯으셨지.\q \n 갈색 단발 머리. 그것말고는 딱히 얻을 만한 게 없는 대답이었다. 
Story_0038, \q뭐하는 사람들이긴\c 다들 빨간 모자님께 감사를 표하는 사람들이지. 마을을 지켜주시는 것처럼 우리도 꼭 좀 지켜달라고 부탁도 좀 하고.\q
Story_0040, 정신이 들지 않는 복잡한 머리를 정리하려 그 자리에 쭈그리고 앉는다. \n \q좀 있으면 가겠다. 손이라도 한 번 스치고 와. 그 분의 기운이 널 지켜줄거야. 빨간 모자님이 우리 마을을 지켜주시는 것처럼.\q
Story_0042, 그 작은 소녀가 마을을 지킨다고? \n 힘이 풀린 몸과 반대로  머리는 계속해서 굴러간다. \n 빨간 모자\c 작은 소녀\c 마을을 지킨다. \n 머릿속을 가득 채운 세 개의 키워드는 자꾸만 유치한 생각으로 이어진다.
Story_0044, 차라리 유치한 생각으로 이어지느니 빨리 물어보고 대답을 듣는 것이 나을 것이라는 생각이 들어 집주인에게 물어본다. \n \q빨간 모자님은 늑대를 쫓아주시는 엄청난 분이시라고. 지난 번에 늑대에게 잡아먹힌 할머니를 구하고 늑대를 물리쳤지.\q
Story_0046, 방금까지 유치하다고 생각해 머릿속에서 떠나보내려던 그 생각을 버리면 안될 수도 있겠다는 생각이 든다.
Story_0049, 그렇다면 지금 이 곳은 '빨간 모자' 이야기의 마을이고 내가 그 속에 들어온 건가? \n 말도 안되는 이야기지만 내가 지금까지 겪은 일들이 더욱 말도 안되는 이야기라서 조금씩 정신이 차려진다. \n 방금 세운 가설이 맞는 것인지 파악하기 위해서 무언가의 테스트가 필요할 것 같다.
Story_0051, \q맞아맞아\c 잘 모르는 것 같더만 아닌가봐? 늑대의 배를 갈라서 할머니를 구하고 돌을 넣었다고 했어.\q
Story_0053, 이게 현실이라고 하기엔 너무나도 비현실적이다. \n 도서관에서 나오기 전까지만 해도 난 평범하게 도서관에서 책을 읽고 빌리려고 했던 한 사람일 뿐인데 내가 무슨 빨간 모자 이야기에? \n 말도 안되지만 이 말도 안되는 이야기가 말도 안된다는 것을 증명하기 위해서는 무언가의 테스트가 필요할 것 같다.
Story_0055, \q맞아맞아\c 잘 모르는 것 같더만 아닌가봐? 늑대의 배를 갈라서 할머니를 구하고 돌을 넣었다고 했어.\q
Story_0057, 왜 자꾸 말도 안되는 이야기가 내 현실이라는 걸 더 증명하게 되는 꼴일까. \n 더이상 피할 수도 없게 만드는 내 주위의 것들을 인정해야만 한다는 생각이 못처럼 박혀버린다.
Story_0059, 그런데 지금 빨간 모자 이야기를 다들 알고 있는 걸 보니까 그 이후의 상황인 듯 한데. \n 이게 현실이라면....
Story_0062, 할머니를 잡아먹은 늑대의 배를 갈라 돌을 넣고 구한 할머니와 행복하게 살았다? \n 너무 어릴 때 읽어서 정확한 내용이 기억이 안 나는데 대충 이런 이야기였던 것 같은데.
Story_0064, 아무런 마취도 없이 늑대의 배를 가르면 가르다가 아파서 깰 것 같은데. \n 그리고 늑대가 할머니 분장을 했다고 치더라도 늑대는 늑대인데 못 알아보는 것도 이상하고.
Story_0066, 나라면 이 이야기를 들으면서 계속 뭔가 이상한 낌새를 느낄 것 같은데 여기 사람들은 그런 게 전혀 없었을까? \n 아님 사람들이 믿을 수 밖에 없던 이유가 있던 것일까.
Story_0068, \q당연하지! 빨간 모자님이 말씀하신대로 더 이상 늑대도 안 나타나잖아. 우리 빨간 모자님을 의심하는 거야?\q \n 조금요라고 말하고 싶은 입을 꾹 다물고는 고개를 좌우로 흔들며 웃었다.
Story_0070, 집주인은 그런 나를 못 믿는다는 듯한 눈빛으로 날 쳐다보며 천천히 집으로 들어간다. \n 웃고 있을 필요가 없어졌으니 웃고 있던 입꼬리를 싹 내리고 아까부터 매고 있던 가방을 열어본다.
Story_0072, 종이를 펼치자 광고지 같은 내용이 적혀 있다. \n ‘이 종이를 보고 있는 당신! 소원이 있으신가요? 당신의 소원을 오즈에게 빌어보세요. 대신 당연히 대가가 있습니다. 빨간 모자의 빨간 모자\c 하트여왕의 왕관\c 과자집 주인의 손톱\c 작은 요정의 빛나는 가루를 찾아서 가져오시면 당신의 어떤 소원이든 들어드립니다. 주소 : 리타(Ryta) 지포드워자(Ziford Woza) 가장 높은 성’
Story_0074, 자기가 써놓은 말이 있으니 일단 필요한 것들을 구해서 가지고 가면 어떻게든 집으로 돌려보내주겠지.
Story_0076, 빨간 모자의 빨간모자는 지금 아까 거기에 있던 빨간 모자를 말하는 거겠지.
Story_0078, 하트여왕은 이상한 나라의 앨리스에 나오는 그 여자를 말하는 건가.
Story_0080, 과자집이면 헨젤과 그레텔의 그 과자집? 그 집의 주인은 마녀일텐데 마녀의 손톱을 가져오라는 거야?
Story_0082, 요정이 나오는 동화가 어지간히 많아야지 말이야. 신데렐라에도 나오고\c 피터팬\c 잠자는 숲속의 공주. 너무나 많은데? \n 이걸 다 어떻게 찾아야 할지는 모르겠지만 지금 내가 다시 돌아갈 수 있는 방법은 이것밖에 없으니 해 봐야지. 
Story_0084, 주머니의 입구를 열자 안이 금빛으로 물들어 있다. \n 손가락 한 마디만한 작은 금화가 주머니를 가득 채우고 있다.  \n 아마 이것이 여기에서 사용하는 화폐겠지라고 생각하며 세어보니 40개의 금화가 들어있다. \n 이걸로 여기 있는 동안 잠잘 수 있는 곳은 구할 수 있겠다.
Story_0086, 붉은 줄로 둘둘 말려있는 종이를 펼쳤다. \n 대한민국 지도와는 많이 다른 모습의 지도가 그려져 있는데 지도의 오른쪽 구석에 많이 본 글씨체로 'RYTA'라고 쓰여져 있다.
Story_0088, 아까 집주인이 했었던 말에도 리타가 들어있었는데 도대체 어디서 들어봤는지 곰곰이 생각한다. \n 지도의 있는 'RYTA'라는 글씨가 눈에 너무 익어 계속 쳐다보다가 머릿속에 똑같은 모양의 글씨가 오버랩된다.
Story_0090, 동화에 대해 어떻게 생각하냐고 그래서 그냥 지나쳤던 그 책이다. \n 그 책의 제목이 'RYTA'였다. \n 왜 그게 지금 떠오르는지.
Story_0092, 약간의 후회가 밀려오지만 지금 후회하는 건 아무 소용이 없다는 생각이 든다. 이미 지나갔으니 현재에 집중해야지.
Story_0093, 생각보다 뭐가 별로 없는 가방에 약간 실망하면서도 그래도 집에 갈 수 있는 방법은 찾았으니 다행이라는 생각도 든다.
Story_0095, 하나 있는 방법이라고는 오즈를 찾아 소원을 비는 것밖에는 없다. \n 이곳을 벗어나기에는 오랜 시간이 걸릴 것으로 보이니 가방 안에 있던 돈으로 오늘 하루 지낼 곳을 구해야 할 것 같다.
Story_0097, 아까 빨간 모자의 주변에 있던 사람들이 분수대 근처 곳곳에 서서 대화를 나누고 있다. \n 그 중에서도 가장 분수대와 가까운 곳에서 대화 중인 두 남녀에게 다가간다.
Story_0099, \q예- 나가요. 뭐야\c 또 뭔데? \n 문을 열고 마주친 얼굴은 편안하다가 눈이 마주친 순간 싹 굳어버린다.
Story_0101, \q에잇\c 참. 저기 3번가 6\c7\c8이 김 사장네 펜션이야. 사람이 좋아서 지내기는 편할 거고. 이제 됐지?\q \n 대답은 듣지도 않고 쾅 하고 문을 닫고 들어간다. \n 아까의 그 빨간 모자에 대한 말이 많이 기분이 나빴나보다 싶어 그냥 이해하기로 한다.
Story_0103, 소원을 빌기 위해 현재 가장 필요한 것이 빨간 모자의 빨간 모자라는 건 확실하다. \n 다른 사람들과 다르게 더 밝은 그 빨간 모자.
Story_0105, \q3번가 6\c7\c8이 아마 김 사장님네 펜션 아닌가?\q \n \q어\c 맞을 걸. 거기가 머무르시기에는 제일 좋을 거에요. 사장님도 좋으시고.\q
Story_0107, 고개를 90도로 숙여 인사를 한 후 3번가라고 표시된 거리로 향한다. \n 소원을 빌기 위해 현재 가장 필요한 것이 빨간 모자의 빨간 모자라는 건 확실하다. \n 다른 사람들과 다르게 더 밝은 그 빨간 모자.\n
Story_0109, 어떻게 하면 그 빨간 모자를 얻을 수 있을까. \n 이 생각을 하며 걸어가다보니 어느순간 3번가 6\c7\c8에 도착했다. 
Story_0111, '사무실'이라고 쓰여있는 문에 노크를 하자 문이 철커덩하고 열리더니 사람이 나온다. \n \q무슨 일이세요?\q
Story_0114, \q아\c 맞습니다. 제가 그 김 사장이구요. 머무르실 곳 필요하신 거죠? 하루에 5페이(fai)에요.\q \n 5페이라. 아까 본 그 금화의 단위가 페이인가싶어 가방을 뒤져 그 갈색 주머니를 꺼낸다.
Story_0115, \q예\c 맞습니다. 저는 여기 사장이고 편하게 김 사장이라고 불러주시면 됩니다. 방은 하루당 5페이(fai)구요.\q \n 5페이라. 아까 본 그 금화의 단위가 페이인가싶어 가방을 뒤져 그 갈색 주머니를 꺼낸다.
Story_0117, 방으로 들어가 김 사장이 열쇠 하나를 가져온다. \n \q7로 가서 201호 쓰면 됩니다. 그리고 안에 있는 음식들은 공짜니까 그냥 드셔도 됩니다.\q
Story_0120, 고개를 숙여 인사한 후 곧장 7로 향한다. \n 7로 가자 빌라같은 건물이 보이고 201호를 찾아 2층으로 올라간다.
Story_0122, 201호 문에 열쇠를 꽂고 문을 열자 우리가 일반적으로 생각하는 2인실 호텔방이 보인다. \n 가방을 탁자 위로 던지고 망토와 양말을 벗은 후 곧장 침대로 몸을 던진다.
Story_0124, 몇 시간 있지도 않았지만 이곳에 적응하는데 몸이 불편했는지 씻지도 못한 채 그대로 잠에 빠진다. \n 눈이 부시는 느낌에 살짝 눈을 뜨자 아무것도 없는 하얀 공간이 눈에 들어온다.\n방도 아닌 곳에 서있는 내 모습에 언제부터 몽유병이 있었는지 생각해본다.
Story_0126, 일단은 이곳이 어딘지 알고 싶어 둘러볼 생각으로 몸을 움직이지만 몸이 내 말을 들을 생각이 없는지 전혀 움직이지 않는다.
Story_0129, 낑낑거리며 새끼손가락 하나라도 움직이려고 하지만 움직일 수가 없다. \n 이런 나를 보며 누군가 키득키득대는 것이 들린다.
Story_0130, 오늘 하루 이상한 일을 한 두 개 겪은 게 아닌지라 죽은 건가 하는 물음이 튀어나온다. \n 이런 나를 보며 누군가 키득키득대는 것이 들린다.
Story_0133, 목소리를 들은 것인지 누군가 뒤에서 뚜벅뚜벅 걸어오는 소리가 들린다. \n \q이번에 오는 애는 좀 재밌을 거라고 하던데 뭐\c 딱히 다른 건 없네.\q
Story_0136, 뒤에서 쓱 돌아나와 나의 얼굴을 쳐다보는 한 남자의 싸늘한 눈빛에 약간 긴장이 되며 힘을 주려고 했던 몸에 힘이 빠진다. \n 계속해서 아무 말도 없이 날 쳐다보는 남자에 정적이 찾아온다.
Story_0140, 둘 밖에 없지만 어색하긴 커녕 여유로운 남자에 질문을 던진다. \n 남자는 질문에도 아무런 답이 없이 계속 빤히 쳐다보기만 한다.
Story_0142, 계속된 정적 끝에 남자는 질문에 대한 답을 내놓는다. \n \q음\c 적당히? 다 아는 건 아니고.\q
Story_0144, 마음에 들지 않는 남자의 답에 긴장보다 불쾌함이 감돈다. \n 동시에 지금 이 짜증나는 상황에 얼굴을 구기자 아까 들렸던 웃음소리처럼 남자가 키득키득 웃는다.
Story_0147, \q네 표정이 웃겨서. 대부분 여기 오면 날 무서워하거나 정신이 나가서 내 말에 집중을 못해. 그런데 넌 그것도 아니고 내 말에 얼굴을 찡그리니까 웃겨서.\q \n 내 얼굴이 그렇게 웃긴가 싶어 다시 얼굴을 찡그리려고 했지만 그걸 보고 또 웃을 남자가 생각나 포기한다.
Story_0148, \q음\c 말 그 자첸데. 널 적당히 알아. 네가 뭘하는 애인지\c 나이가 몇인지\c 가족관계가 어떤지 정도? 기본적인 것들은 안다\c 뭐 그런거지.\q \n 진짜 적당히 알고 있긴 한 것 같아 그 대답에 고개를 끄덕이려고 했으나 움직이지 않는 고개에 한숨을 푹 쉰다.
Story_0150, 남자는 말을 듣고는 아 하면서 손으로 딱 하는 소리를 낸다.\n그 소리에 맞춰 몸이 사르르 풀린다.
Story_0152, 몸이 움직이는 걸 확인하고 나서야 정확하게 남자의 모습이 눈에 들어온다. \n 일반적인 까맣고 하얀 정장에\c 작은 얼굴\c 새하얀 피부\c 살짝 올라간 눈꼬리\c 빨갛게 염색된 머리. 
Story_0153, \q너 말이야. 이번에 오는 애. 너도 알 거 아니야. 여기가 평범한 곳은 아니잖아?\q \n 그의 말에 고개를 끄덕이고 싶지만 몸이 움직이지 않아 가만히 서있는다. \n \q아\c 몸을 못 움직이는 구나. 기다려봐.\q \n 남자가 손으로 딱하는 소리를 내니까 묶여있던 몸이 풀려나듯이 사르르 몸이 풀린다.
Story_0155, \q워워워. 난 무서운 사람 아니고 널 도와줄 사람. 너 나 없으면 이 세상에서 살아남기 쉽지 않을걸?\q \n 남자의 말에도 불구하고 두려움에 계속 뒤로 걸음을 옮긴다. \n 잠시 넘어질까 뒤를 돌았다 다시 앞을 보니 남자가 사라져있다.
Story_0158, \q뭐긴 뭐야-.\q \n 뒤에서 들리는 목소리에 깜짝 놀라 꽈당하고 넘어진다. \n 일어나려고 앞을 쳐다보자 남자가 쳐다보며 손을 내밀고 있다.
Story_0159, \q어디 갔긴\c 여기 있지.\q \n 뒤에서 들리는 목소리에 깜짝 놀라 꽈당하고 넘어진다. \n 일어나려고 앞을 쳐다보자 남자가 쳐다보며 손을 내밀고 있다.
Story_0162, \q오\c 안 잡을 줄 알았는데.\q \n 남자의 손을 잡고 일어나 그를 살짝 째려보며 서 있는다.
Story_0163, \q그럴 것 같았어.\q \n 남자는 자신의 손을 반대편 손으로 다시 잡아 자신의 몸 쪽으로 끌어당긴다.
Story_0165, 일단은 가만히 서서 그를 째려본다. \n 일반적인 까맣고 하얀 정장에\c 작은 얼굴\c 새하얀 피부\c 살짝 올라간 눈꼬리\c 빨갛게 염색된 머리. 
Story_0166, 몸이 움직이지 않는 것을 보니 날 가지고 임상시험이라도 하려는 것 같다는 생각이 든다. \n 내 말을 들은 건지 허리를 숙이고는 꺽꺽 거리며 웃는다.
Story_0168, \q그런 쓸데없는 소리로 날 웃기지 말아줄래? 나 이래봐도 웃음장벽이 높은 사람이라서.\q \n 남자의 말에 어이없어 헛웃음을 짓는다.
Story_0172, 죽기 전이라는 생각이 들어서 그런지 말이 필터링 없이 입 밖으로 나간다. \n \q와- 말하는 본새 봐. 첫인상하고 많이 다르네.\q
Story_0174, \q내 피 잘못 수혈받아서 죽는 인간 생기면 죄책감 들 것 같거든요.\q \n \q진짜 돌아이네. 지금 이 상황에서 그런 생각이 들어?\q
Story_0176, 임상시험 전이면 다 이런 생각을 하지 않나하며 곰곰이 머리를 굴려본다. \n \q넌 지금 어떻게 하면 몸을 움직일 수 있을까 생각해야 하지 않을까?\q
Story_0178, 남자는 오른쪽 눈썹을 들어올리더니 딱 소리가 나게 손가락을 튕긴다. \n 동시에 몸을 감싸고 있던 힘이 풀린다.
Story_0181, \q뭐\c 알면 됐어요.\q \n 말하면서 한 바퀴를 도는 남자에 고개가 같이 따라 움직인다. \n 일반적인 까맣고 하얀 정장에\c 작은 얼굴\c 새하얀 피부\c 살짝 올라간 눈꼬리\c 빨갛게 염색된 머리. 
Story_0182, \q지금 네가 날 봤을 때 내가 실험하는 사람으로 보이니?\q \n 그제서야 남자의 모습이 눈에 들어온다. \n 일반적인 까맣고 하얀 정장에\c 작은 얼굴\c 새하얀 피부\c 살짝 올라간 눈꼬리\c 빨갛게 염색된 머리. 
Story_0185, 머릿속으로 생각하려던 말이 작게 입밖으로 나갔다. \n \q그치. 네가 봐도 내가 좀 생겼지? 그런 말 많이 들어. 내가 좀 워낙 잘생겨야지. 나 때문에 여기서 벗어나기 싫다는 여자애들이 얼마나 많았는지…\q 
Story_0186, 머릿속으로 생각하려던 말이 작게 입밖으로 나갔다. \n \q뭐하는 사람인지는 슬슬 알려줄게. 무서운 사람은 아니고 어쩌면 널 원래 세계로 돌아가게 해 줄 사람일 수도 있지?\q
Story_0189, \q뭐\c 궁금한 게 많겠지? 내가 누구고 여기는 어디고 지금 네가 있는 세계는 어딘지. 차근차근 설명해 줄게.\q \n 남자가 손으로 딱하는 소리를 내자 방금까지 있던 하얀 공간이 아니라 차 마실 수 있는 작은 방으로 배경이 바뀐다.
Story_0191, \q뭐긴\c 내 공간이지. 긴장하지 말고 일단 여기 앉아.\q \n 남자는 앉으라고 한 자리의 반대편에 앉아 탁자에 있는 찻잔으로 잔에 차를 따른다.
Story_0193, 남자가 손으로 또 한번 딱 소리를 내자 손에 아까 도서관에서 보았던 'RYTA'라는 책이 생겨난다. \n \q환영해\c '리타'에 온 걸. '리타'는 알지?\q
Story_0197, \q뭐야\c '리타'가 뭔지도 정확하게 몰라? 뭔 이런 애를 여기에 보낸 거야.\q
Story_0199, 남자는 대답을 듣고는 작게 욕을 내뱉더니 어디서부터 설명해야할지 고민하는 것처럼 보인다. \n \q지금 네가 있는 곳은 책 '리타'야. 알고 있었니?\q
Story_0202, 남자는 한숨을 쉬고는 알고 있으라고 당부한다. \n \q'리타'는 동화들을 재구성한 이야기고. 그래서 네가 알고 있는 동화와는 약간 다를 수도 있지.\q
Story_0204, \q맞아. 그런 식으로 아예 처음 보는 이야기일 수도 있어. 그러나 네가 읽었던 이야기를 기본으로 하고 있기 때문에 원래 동화를 이용하며 네가 원하는 걸 얻을 수도 있겠지?\q
Story_0207, \q좋아\c 이해한 것 같으니까 다음으로 넘어갈게. 지금 네가 찾아야 할 아이템들은 네가 '리타'를 돌아다니면서 얻을 수 있어.\q 
Story_0209, \q그건 네 행동에 달렸어. 사람들마다 그걸 얻는 방법은 다 달랐거든. 이번에는 너만의 방법이 있겠지. 거기까지는 내가 알 수가 없고.\q \n 나만의 방법을 찾아서 아이템을 얻어라.
Story_0211, \q응\c 그런 건 없어. 네가 만들어가는 거야\c 너만의 '리타'를. 윽\c 이 말 좀 오글거리는 것 같아.\q \n 남자는 거칠게 고개를 저으며 자신이 한 말에 대해 진저리친다.
Story_0212, \q응? 무슨 질문?\q \n 남자는 동그랗게 눈을 뜬다.
Story_0214, \q동화를 망가뜨린다고? 그게 무슨 말이야.\q \n 남자는 이해가 안된다는 듯이 눈을 동그랗게 뜨고 오른쪽 눈썹을 올린다.
Story_0217, \q하\c 이런 앤 또 처음이네. 재밌을 거라고 하더니 진짜 재밌네.\q \n 남자가 한 쪽 입꼬리를 올려 헛웃음을 짓더니 탁자에 팔을 대고 얼굴을 손바닥에 기댄다.
Story_0219, \q몰라. 아무도 그런 식으로는 해 본 적이 없어서. 네가 해보고 어떻게 되나 보여 줘 봐. 재밌겠네.\q
Story_0222, \q캬- 맞는 말인데 참 기분 묘하네. 그치\c 넌 살아서 나가야 할 테니까?\q \n 남자가 기대고 있던 팔로 머리를 쓸어올리며 웃는다.
Story_0223, \q근데 그 선택이 옳을지\c 아닐지는 네 책임이다?\q \n 남자는 왼쪽으로 살짝 고개를 기울이고는 위아래로 고개를 흔들며 싱긋 웃어 보인다.
Story_0225, \q오\c 돌직구. 내가 누구일 것 같은데?\q \n 질문을 들은 남자는 손을 주먹을 쥔 채 탁자를 양손으로 두구두구 친다. \n 질문이 썩 맘에 들었는지 표정이 싱글벙글하다.
Story_0229, \q신? 내가 신일 것 같아?\q \n 그의 질문에 고개를 끄덕이자 남자는 입동굴을 만들며 호탕하게 웃는다. \n \q신이 이렇게 아무것도 몰라도 돼?\q
Story_0231, \q음- 난 신은 아니고 현실과 이 세계를 연결하는 관리자랄까?\q \n 그가 말하면서 허공에 손으로 선을 긋자 그은 자리에 불꽃선이 생겼다 사라진다. \n \q너같이 이곳으로 온 애들에게 이 세계에 대해 알려주는 게 내 역할이고.\q
Story_0232, \q와\c 그 말은 진짜 싫다.\q \n 곧장 미간을 찌푸리더니 마시려고 들었던 찻잔을 다시 탁자에 내려 놓는다. \n \q걔랑 나를 비교하지는 말아주겠니? 그렇게 생각없고 제멋대로인 새끼랑 엮지마.\q
Story_0235,곧장 아차 싶었는지 바로 표정을 푼다. \n \q미안. 화내려는 건 아니었어. 근데 조심은 해줘. 내가 그쪽이랑 교류하는 사람이라도 싫은 건 싫은 거라.\q
Story_0237, \q응\c 난 이 세계를 현실과 연결하는 관리자야. 정확하게는 작가가 이 세계로 애들을 보내면 그 아이들에게 도움을 주는? 그러니까 어느 정도는 작가랑 소통을 해야겠지.\q
Story_0239, 싱긋 웃으면서도 눈은 차갑게 시린 느낌에 이 사람도 생각보다 작가에 좋은 감정을 가지고 있지 않은 것 같다는 생각을 한다.
Story_0241, \q지금과 같은 도움? 사실 이게 다야. 난 처음 온 애들에게 지금처럼 이 세계에 대한 설명만 해줘. 그 이상은 너희가 직접 만들어가야 하니까.\q
Story_0242, \q음- 난 신은 아니고 현실과 이 세계를 연결하는 존재랄까? 작가가 이 세계로 애들을 보내면 그 애들에게 도움을 주는?\q
Story_0244, \q지금과 같은 도움? 사실 이게 다야. 난 처음 온 애들에게 지금처럼 이 세계에 대한 설명만 해줘. 그 이상은 너희가 직접 만들어가야 하니까.\q
Story_0245, \q음- 지금까지 들은 대답들 중에 가장 가까운 대답이긴 하네.\q \n 고개를 끄덕이며 내 말에 동의를 하다 그는 검지손가락으로 두 개의 원을 그리고 그 원을 하나의 선으로 연결한다. \n 그러자 손가락 그림을 따라 네온사인처럼 불빛이 생긴다.
Story_0247, \q설명? 잘 봐. 지금 너에게는 현실세계와 '리타'라는 세계\c 두 세계가 존재할 거야. 그리고 그 중 '리타'는 내가 관리하는 세계고. 그래서 나는 이 두 세계를 연결하는 이 선과 같은 존재란 말이지.\q
Story_0249, \q그렇지. 이해가 빨라서 좋네. 널 이렇게 도와주러 나타난 것도 관리의 일종이야. 난 이 세계가 정상적으로 돌아가도록 관리해야 하니까.\q
Story_0251, \q네가 이 세계를 잘 모르면 이 세계가 정상적으로 돌아가는 걸 방해할지도 모르잖아?\q \n 이제서야 그의 말이 이해가 되어 고개를 끄덕인다.
Story_0253, \q아니. 난 처음에 이 상황을 설명하기 위해서만 나와. 다른 때에는 널 도와줄 생각도\c 도와줄 필요도 없고.\q \n 그는 자신이 한 말이 당연하다는 듯이 어깨를 한 번 들썩인다.
Story_0255, \q그땐 이 세계를 원상태로 관리해야겠지?\q \n 이 세계를 원상태로 관리한다라... \n \q아\c 원상태로 관리한다는 건 널 이 세계에서 지워버린다는 거야.\q \n 남자가 머릿속에 있는 고민을 다 알고 있다는 듯이 입을 연다.
Story_0258, \q응\c 네가 아예 존재하지 않던 사람처럼. 그게 이 세계의 원상태니까.\q \n 그는 고개를 끄덕이더니 탁자 위에 있는 차를 홀짝 마신다.
Story_0260, \q사라지는 거지. 이 세계에서도 현실에서도.\q \n  눈을 동그랗게 뜨고 지금 들은 말이 진실인지 그를 관찰한다. \n 남자의 눈은 전혀 흔들리지 않고 자신을 쳐다보는 날 빤히 다시 쳐다본다.
Story_0262, \q이 세계에서 널 지워버리면 그 세계로 가야할 너도 사라지니까.\q \n 존재가 없으니 살지도 못한다는 말이네.
Story_0263, \q여기서 지워진 너는 현실에서도 지워지겠지. 여기 없으면 다시 널 현실로 보낼 수 없으니까.\q \n 대답은 간단했지만 머릿속은 복잡했다.
Story_0265, \q네가 작가의 선택을 받았어. 이유는 나한테 묻지마. 그냥 그 작자 맘에 드는 애 보낸댔어.\q \n 작가 마음대로 선택된 내가 이곳에 보내졌다라는 말인데. \n 당사자는 아무것도 모른 채 이곳에 떨어지고.
Story_0268, 혼잣말을 들었는지 남자는 빵하고 터진다. \n \q나도 그 말에 동의. 근데 작가라는 놈은 신경도 안 써. 넌 만날 수도 없을 거고.\q
Story_0270, 혼잣말을 들었는지 남자는 빵하고 터진다. \n \q너같이 대놓고 말하는 애는 또 처음 보네. 마음에 쏙 들어.\q
Story_0272, 웃기라고 한 말은 아니었지만 남자는 고개가 넘어가도록 꺽꺽 거리며 웃는다. \n 그럼에도 그를 보며 난 같이 웃을 수는 없었다.
Story_0274, \q아마도? 하나 알려 주자면 지금까지 오즈를 만난 사람은 없어.\q \n 청천벽력같은 소리를 평온하게 얘기하는 그의 뺨을 한 대 치고 싶었지만 주먹을 쥐고 꾹 참는다.
Story_0276, \q오즈를 못 만났으니 당연히 현실로 간 사람은 없어. 대신 여기에서 살아가는 사람들도 있고 죽은 사람들도 있고.\q
Story_0279, \q응\c 대신 천천히 현실세계에서의 기억을 잃어가. 이젠 여기 사람이고 가지고 있을 필요가 없으니까.\q \n 그 사람들은 오즈를 만나는 걸 포기한 걸까? 집으로 가는 게 당연한 거 아닌가?
Story_0281, \q당연하지. 말했지만 우리는 처음에 도와주기만 해. 그 이후의 모든 건 자신들의 선택이야. 여기에 남겠다는 것도 그들의 선택이었고.\q \n 나도 여기에 있다보면 그런 선택을 하게 될까. 약간의 불안함이 나를 감싼다.
Story_0282, \q응\c 여기도 누군가에게는 현실인데 당연히 죽을 수도 있지.\q \n 짜증나지만 맞는 말이라 기분이 더 나쁘다.
Story_0284, \q당연하지. 이 세계에서 가장 필요한 존재인데 없겠어? 이건 확실하게 해줄게. 오즈는 있어.\q \n 저 남자가 하는 말이 거짓이라고 해도 지금은 저 말을 믿어야 내가 살 수 있다. \n 그럼 왜 아무도 오즈를 만나지 못했을까.
Story_0286, \q그건 스포라서 말 안 해줘\c 가다보면 알게 될 거야.\q \n 대답 안 해줄 걸 알면서도 아주 조금의 희망이라도 걸고 질문했지만 역시나였다.
Story_0288, \q미안하지만 그런 건 없어.\q \n 여유롭게 차를 마시던 그는 표정을 싹 굳히더니 단호하게 말한다.
Story_0290, \q현실로 가고 싶다면?\q \n 현실로 가고 싶다면이라는 대답에서 그 이상의 무언가가 있을 수 있는지 궁금해진다.
Story_0292, \q그만\c 더 이상의 질문은 안 받아. 내가 너의 잠을 차지할 수 있는 시간이 다 되었어. 그래도 이정도면 다른 애들에 비해 엄청 많은 걸 얻고 가는 거야.\q \n 그만하라는 말과 동시에 엄지와 검지로 다시 딱 소리를 낸다. \n 그러자 처음에 떨어졌던 하얀 배경으로 돌아온다.
Story_0294, \q응\c 이제 일어나서 다시 잘 살아남아야지.\q \n 고개를 끄덕이는 그와 눈이 마주치자 그의 눈에서 응원의 눈빛이 보인다.
Story_0297, 싱긋 웃으며 나에게 잘가라며 손을 흔드는 그의 모습을 눈에 담고 자연스럽게 눈을 감았다 뜬다. \n 눈을 뜨자 몸을 던진 그 상태 그대로 침대에 누워 있다. 으슬으슬한 추위에 이불 속으로 쏙 들어간다.
Story_0298, 마지막까지 나의 말을 듣고는 피식 웃는 그의 얼굴을 눈에 담고 자연스럽게 눈을 감았다 뜬다. \n 눈을 뜨자 몸을 던진 그 상태 그대로 침대에 누워 있다. 으슬으슬한 추위에 이불 속으로 쏙 들어간다.
Story_0300, 따뜻하게 몸을 녹이며 잠을 청하려는 순간 방금까지 내가 겪었던 일들이 머릿속을 꽉 채운다. \n \q아-!\q \n 머리까지 덮고 있던 이불을 내리며 상체를 일으켜 세운다.
Story_0302, 눈을 번뜩 뜨며 침대에서 내려와 바닥에 발을 딛는다. \n 차갑다 못해 시린 감각을 느끼곤 자기 전에 벗어던진 양말을 급히 신는다. \n \q어후\c 방이 생각보다 싸늘하네.\q \n 혼잣말을 하고는 탁자 위의 가방을 어깨에 걸친다.
Story_0304, 신발을 신고 계단을 내려가 밖으로 나가자 어제보다 시원한 바람이 기다리고 있다. \n \q거기 201호 분!\q \n 부르는 남자목소리에 옆을 쳐다보자 펜션 사장인 김 사장이 날 향해 손짓을 하고 있다.
Story_0307, \q무슨 일이세요?\q \n \q오늘은 망토 안 쓰고 가요?\q \n 김 사장의 말에 빨간 망토가 떠올라 작게 한숨을 쉰다.
Story_0308, 바쁜데 왜 부르는지 모르겠으니 일단 인사만 하고 걸음을 옮긴다. \n 갑자기 팔이 잡히는 느낌에 뿌리치며 그쪽을 쳐다보자 김 사장이 서 있다. \n \q오늘은 망토 안 쓰고 가요?\q \n 김 사장의 말에 빨간 망토가 떠올라 작게 한숨을 쉰다.
Story_0310, \q그걸 까먹을 수도 있군요.\q \n \q네?\q \n \q빨간 망토인지 빨간 모자인지 보러 오신 거 아닌가요?\q
Story_0313, 따지고 보면 빨간 모자를 가지러 온 거긴 한데 결국 빨간 모자를 보러 온 것이니까 맞다고 대답한다. \n \q근데 빨간 망토를 두고 간다는 건 너무 모순적이지 않나요?\q
Story_0314, 어떤 미친 놈이 보냈다고 말하고 싶은 것을 꾹 참고 아니라고 대답한다. \n \q그럼 어제 왜 빨간 망토를 쓰고 오셨죠?\q
Story_0316, 눈치가 아무리 없는 사람이라고 하더라도 지금은 누가봐도 김 사장이 무언가 나에게 하고 싶은 말이 있다는 건 알 수 있을 것이다.
Story_0318, 잠시동안 김 사장은 자신의 머릿속을 정리하는 듯 보이더니 갑자기 고개를 갸우뚱할 만한 말을 내뱉는다. \n \q201호도 빨간 망토인지 빨간 모자인지가 맘에 들지 않는가보네요.\q
Story_0321, 분명 '201호도'라고 말했다. \n 그럼 다른 누군가도 빨간 모자에 대해 부정적인 감정을 가지고 있다는 소리인데. \n \q어제 봤을 때는 빨간 망토 쓰고 있길래 다른 사람들하고 똑같은 줄 알았는데\c 내 쪽인가?\q
Story_0323, \q지금 이 모든 상황을 보고? 방금 그쪽 대답도 그렇고.\q
Story_0325, 맘에 들지 않는 건 아니지만 별 생각이 없긴 하니까 이 마을 사람들과는 다르다고 느꼈을지도 모르겠다.
Story_0327, \q빨간 망토를 까먹었다고 하질 않나\c 빨간 망토인지 빨간 모자인지라는 표현을 썼을 때 정확하게 고쳐줄 생각도 하지 않고 반응도 애매모호하고.\q
Story_0329, 나를 떠보려고 했던 그의 의도에 어이가 없어 헛웃음을 짓는다. \n \q뭐\c 그럴 의도였긴 한데 기분을 많이 상하게 해 드렸나보네요. 표정이 영-.\q
Story_0331, \q그럼 대놓고 사장님께 여쭤볼게요. 전 마음에 안 드는데 사장님은요?\q \n 맘에 안 들진 않지만 김 사장이 그렇게 물어본 데에는 이유가 있을 것 같아 마음에 안 든다고 얘기해본다. \n \q음\c 저는 반반?\q
Story_0334, 정곡이 찔린 것인지 보조개가 파인 채로 웃는다. \n \q하하\c 눈치도 빠르시네. 맞아요. 나한테는 돈벌이 수단이죠\c 그 꼬맹이가.\q
Story_0336, 잠시 숨을 고르더니 표정을 한순간에 정색으로 바꾸고는 나를 살짝 째려본다. \n \q근데 하는 짓이 맘에 안 들어서요. 약아빠진 그 꼬맹이\c 하는 게 다 거짓이라. 그쪽처럼 눈치만  빠른 것도 아니고.\q
Story_0338,  쳐다보는 눈빛이 경계심이 가득한 눈빛이라 같이 의심이 가득한 눈빛으로 쳐다본다. \n \q근데 아까 보니까 201호는 숨기는 걸 못하던데. 덜 약아빠진 건가?\q
Story_0340, 살짝 얕게 숨을 내뱉고서는 입을 연다. \n \q그 약아빠진 꼬맹이를 돈으로만 보고 이용만 하면서 가지고 있는 감정은… 뭐 말 안해도 알겠고.\q 
Story_0342, 슬슬 이 세계가 익숙해지기라도 한 건지 원래의 성격이 나오기 시작한다. \n 김 사장도 자신이 예상하는 반응이 아니었는지 째려보던 눈을 어디까지 하나라는 식의 눈으로 바꾼다.
Story_0343, 정곡이 찔린 것인지 보조개가 파인 채로 웃는다. \n \q하하\c 아까부터 눈치가 참 빠르시네. 맞아요. 어떻게 패를 다 까겠어요.\q
Story_0345, 잠시 숨을 고르더니 차분하게 약간의 미소를 지으며 빤히 쳐다본다. \n \q근데 좀 까볼까 싶기도 하네요. 201호가 생각보다 제가 원하던 동료의 모습이라.\q
Story_0347, 빤히 쳐다보는 김 사장에 눈을 피하지 않고 똑같이 빤히 쳐다본다. \n 둘 사이에 정적이 감돌다 김 사장이 먼저 눈을 피하고 나서야 그 정적이 끝난다.
Story_0349, 픽 하고 한 쪽 입꼬리를 올려 웃어준다. \n \q주기만 하는 사람은 그 어디에도 없을 테니까. 그리고 나 역시도 그렇고요.\q \n 김 사장은 인상을 찌푸리며 말한다. \n \q참 특이한 사람이네요\c 201호. 다 아는 듯한 그 말투가 사람을 건드리네.\q
Story_0352, 인상 찌푸린 사장과는 반대로 생긋한 미소를 보여준다. \n \q그러니까 받고 싶으시면 저한테 주세요\c 확신이든 뭐든.\q \n 잠시 생각을 하던 김 사장은 아까처럼 깊게 파인 보조개를 보여주곤 따라오라 말한다.
Story_0354, 어제 방을 빌리기 위해서 왔던 사무실 앞으로 온 김 사장은 안에서 검정 비닐봉투를 가져온다. \n \q뭐든 달라면서요. 캠코더입니다.\q
Story_0356, \q빨간 모자가 맘에 안 든다면서요. 그 꼬맹이를 뒤집어 엎으려면 필요할 겁니다. 알고 있을 것 같은데 그 꼬맹이가 한 모든 말은 거짓말이에요. 할머니부터 늑대까지 전부 다. 그러니까 그걸로 증거를 잡으세요.\q
Story_0360, 갑자기 변한 그의 태도에 당황스럽기도 하지만 있으면 좋을 것이라는 확신이 들어 비닐봉투를 받는다.
Story_0362, \q그 꼬맹이한테 부모란 존재하지 않으니까요. 전제 자체가 거짓인데 어떻게 진실이 나오겠어요?\q
Story_0364, \q201호한테 뭘 좀 받고 싶어서. 받고 싶으면 달라며.\q \n 보조개가 그의 대답이 진심이라는 듯 예쁘게 파여 있다.
Story_0366, \q그건 비밀이죠. 그래도 난 줬으니까 나한테도 꼭 주세요. 많이 소중한 거라.\q
Story_0368, \q이제 가세요. 나도 일이 있어서 더 이상은 얘기하기가 어려워요. 잘 부탁합니다.\q
Story_0369, 갑자기 변한 그의 태도에 약간의 경계를 가지고 비닐봉투를 받지 않는다. \n \q방금까지의 태도는 어디가고 갑자기 왜 이러시는 거죠?\q \n \q201호한테 뭘 좀 받고 싶어서요. 받고 싶으면 달라면서요.\q
Story_0371, \q뭐\c 처음에 제가 한 행동이 있으니 이건 받겠습니다. 근데 다음에는 제가 필요할 겁니다. 그때는 꼭 저에게 도움을 받으시면 좋겠네요.\q \n 김 사장은 검정 비닐봉투를 받아 인사한 후 사무실 문을 닫는다.
Story_0373, 저 파인 보조개에서 보여주는 분위기가 지금은 딱히 좋게 보이지는 않아 바쁘다고 그의 말을 끊는다. \n \q하하\c 그러면 저녁에 또 뵙죠. 여기서 계속 지내시려면 어차피 절 만나야하실 테니까.\q
Story_0376, \q얼굴에서 티가 많이 나나 보네요. 기분이 뭐같아서 그런가?\q \n 훅 치고 들어온 나의 나쁜 말에 김 사장은 한 쪽 얼굴을 찡그린다. \n \q말을 좀 험하게 하시네.\q
Story_0379, 질문이 흥미로웠는지 방금까지 찡그렸던 얼굴과는 다르게 볼에 보조개가 쏙하고 들어가며 미소 짓는다. \n \q훅 치고 들어오시네. 전 그 빨간 모자라는 꼬맹이가 이 마을에 아무런 영향을 주지 못하던 때로 돌아가길 원해요.\q
Story_0381, \q그 꼬맹이를 마음에 들어하지 않는 사람이 그걸 이뤄주길 원했는데- 그게 딱 201호\c 그쪽이네요.\q \n \q전 마음에 안 든다고 말한 적 없는데.\q \n \q말한 적은 없어도 마음에 안 드시는 눈치던데 아닌가요?\q
Story_0382, 질문이 흥미로웠는지 방금까지 찡그렸던 얼굴과는 다르게 볼에 보조개가 쏙하고 들어가며 미소 짓는다. \n \q훅 치고 들어오시네. 전 저랑 마음이 맞는 외부인을 찾고 있어요. 일을 치고도 아무렇지 않게 밖으로 나갈 수 있을 만한 사람.\q
Story_0384, \q그런 사람을 찾고 있었는데 그게 딱 201호\c 그쪽 같아서요.\q \n \q제가 김 사장님하고 마음이 맞는지는 잘 모르겠는데.\q \n \q전 맞는 것 같아서요. 빨간 모자가 은근히 마음에 안 드시는 눈치던데 아닌가요?\q
Story_0386, \q아닐 수도 있고 맞을 수도 있고요. 근데 그걸 내가 이뤄줄 수는 있을 것 같긴 하네요.\q \n 마음에 드는 대답이었는지 김 사장은 아까보다 보조개가 더 파인 채로 웃는다.
Story_0390, \q제가 무언가를 해 드릴 테니 김 사장님도 저를 위해 무언가를 해 주셔야죠. 기브앤테이크.\q \n \q하하\c 훅 들어오시는 게 너무 능숙하시네. 전 좋습니다.\q
Story_0392, \q아까처럼 절 떠보신다거나 한다면 전 사장님께 도움이 되는 방향으로 가지 않을 겁니다.\q \n \q저도 그걸 원하지는 않아서 그럴 일은 없을 겁니다. 잠시 사무실 앞에 계실래요? 뭐 좀 가져올게요.\q \n 김 사장이 내 대답을 듣기도 전에 사무실 쪽으로 뛰어간다.
Story_0395, 사무실 앞에 도착하자마자 김 사장은 검정 비닐봉투를 들고 사무실 문을 열고 나온다. \n \q이거 가져가세요.\q \n 검정 비닐봉투를 받아 열어보니 캠코더가 들어있다.
Story_0396, 잠시 서 있으니 사무실에서 뛰어나온 김 사장은 주변을 두리번거리다 원위치에 있는 나를 보고 달려온다. \n \q그래도 사무실 앞으로 오실 줄 알았는데.\q \n 검정 비닐봉투를 받아 열어보니 캠코더가 들어있다.
Story_0398, \q네. 아실지 모르겠는데 그 꼬맹이가 한 말은 모두 거짓말이에요. 할머니부터 늑대까지 전부 다. 그러니까 그걸로 증거를 잡으면 지금 이 상황을 뒤집을 수 있겠죠.\q 
Story_0401, \q제가 워낙 바쁜 사람이라.\q \n 바쁘다고 말하는 그는 자신의 손목에 있는 시계를 쳐다본다. \n \q일단 그 꼬맹이는 엄마도\c 할머니도 없어요. 그러니까 이미 그 이야기의 전제가 틀려먹은 거죠.\q
Story_0402, \q모르셨나 보네요.\q \n \q일단 그 꼬맹이는 엄마도\c 할머니도 없어요. 그러니까 이미 그 이야기의 전제가 틀려먹은 거죠.\q
Story_0404, \q하하\c 맞아요. '약았다'라는 표현이 그 꼬맹이에겐 가장 잘 어울리겠네요. 거짓말로 이 마을의 모든 걸 가지려고 하는 약아빠진 꼬맹이. 그 꼬맹이\c 잘 좀 부탁드리겠습니다\c 201호.\q
Story_0406, 잘 부탁한다며 손을 뻗은 김 사장의 손을 잡고 악수를 해 협상을 잘 끝낸다. \n \q조심히 다녀오세요. 저도 일이 있어서 더 이상은 시간을 빼기가 힘드네요.\q
Story_0408, 아침부터 일어난 짧은 소동에 하루동안 써야 할 기가 많이 빠졌다. 그럼에도 현실로 돌아가야한다는 생각이 가득찬 머리는 내 몸이 쉴 시간을 주질 않는다.
Story_0409, 아침부터 일어난 짧은 소동에 하루동안 써야 할 기가 많이 빠졌다. 그럼에도 현실로 돌아가야한다는 생각이 가득찬 머리는 내 몸이 쉴 시간을 주질 않는다.
Story_0411, 여기서 내가 아는 공간 중 사람들이 가장 많은 분수 쪽으로 발길을 돌린다. 사람들이 많으니 뭘 물어볼 사람도 많겠지. 
Story_0413, 도착한 분수대 역시도 많은 사람들로 가득 차 있다.
Story_0415, 안내판 옆에는 가이드같은 한 남자가 웃으며 서 있다. 그에게서 눈을 돌리고 바라본 안내판에 적힌 대문짝한 한 문장. \n 우리의 영웅\c 빨간 모자님
Story_0417, 나 역시도 헷갈린다. 동화 속의 그 빨간 모자와 매치되지 않아서일까? 찬찬히 그 아래 글들도 읽어 본다.
Story_0419, 할머니 댁이라면 편하게 빨간 모자를 벗고 있지 않을까 하는 생각이 머리에 띵하고 떠오른다. 그러면 로도드 숲으로 가야 하는데 로도드 숲이 어디지?
Story_0421, 어쩔 수 없이 가이드같은 남자에게 말을 건다. 아까는 못 봤던 명찰이 보인다. '정 가이드.' 가이드는 맞는 것 같다. \n \q혹시 로도드 숲이 어디에요?\q \n 나의 질문에 남자가 눈을 동그랗게 뜨더니 날 이상한 사람처럼 쳐다본다.
Story_0424, \q로도드 숲도 몰라요? 어떻게 그걸 모르지? 그 무시무시한 소문을 모른다고요? 듣기만 해도 소름끼치는 그 소문을 몰라요?\q
Story_0427, \q네. 잘 모르니까 얘기 좀 해 주시겠어요?\q \n \q헐. 로도드 숲은 1번가 맨 끝으로 가면 있는 숲이에요. 거기가 늑대의 소굴로 유명하거든요!\q
Story_0430, 무시무시한 소문도 났고 늑대의 소굴로 유명한데 그런 곳에 할머니 댁이 있다? 효녀라며. 불 속성 효녀야\c 뭐야.
Story_0431, 1번가\c 1번가\c 1번가. \n 1번가 1에 있는 우리 집...? 처음에 도서관 문을 열고 나왔던 그 집이 1번가 1이랬으니까 그리로 가면 된다는 거겠지.
Story_0433, 더 얻을 만한 정보가 있을까 싶어 은근슬쩍 질문을 던진다. \n \q네-.  안내문이 붙거든요. 요기 밑에! 본 사람들이 요기다가 어디서 봤는지 종이에 써서 붙여요. 어찌나 많이 붙여지던지.\q
Story_0436, \q아뇨. 처음에 누가 그렇게 붙여 놓고 가니까 다음에 본 사람들도 다 거기다가 붙여 놓고 가더라구요. 어차피 공공의 이익을 위한 거니까 누구인지까지 알 필요도 없고!\q
Story_0438, 저렇게까지 얘기하니까 할 말이 없다. 좀 볼 수는 없나 싶어서 그를 빤히 쳐다본다. 남자가 눈을 마주치더니 웃는 입꼬리 위로 작은 보조개를 피운다.
Story_0440, 보조개는 보조개고\c 남자의 말에서 뭔가 느낌이 확 오는 게 있었는데.
Story_0442, 종이에 써서? 직접 썼다는 건가?
Story_0444, \q당연히 직접 쓴 거죠! 아니면 어떻게 종이에 써요? 근데 커\c 커 뭐라고요?\q \n 직접 쓴 거면 어느 정도 주인을 찾을 수 있다는 거네?
Story_0446, 그 근처에 간 사람이라면 빨간 모자가 모자를 벗고 다니는 걸 봤을지도 모른다. 그 사람을 찾아야겠다는 생각이 메모장처럼 머리에 탁 붙여진다.
Story_0448, 공공의 이익을 위해서라. 마을 사람들끼리니까 그럴 만도 하지. 근데\c
Story_0450, 공공의 이익. 빨간 모자가 공공의 이익에 어긋난다면 어떻게 될까. 왜인지 빨간 모자를 얻을 수 있는 방법이 떠오른 것 같다.
Story_0452, 처음에 누가 붙여 놓았다라. 그게 언제일까? 
Story_0454, 남자는 고개를 살짝 기울이더니 곰곰이 생각해 본다. \n \q작년 1월일 거요. 늑대 때문에 눈도 안 오는 거 아니냐고 말이 많았거든요.\q
Story_0456, \q딱히요-. 다들 늑대가 나타났다는 말에 혼란스러워서 다른 일이 있었어도 신경은 못 썼을 거요.\q
Story_0459, 그렇다면 빨간  모자가 어떤 밑밥을 깔아도 모를 가능성이 높다는 건가.
Story_0460, 마을에 늑대라도 들어와봐. 다 죽는 거 아니야. 으- 생각만 해도 싫다.
Story_0462, 혹시 붙여 놓은 사람이 빨간 모자를 안 쓴 빨간 모자를 봤을 가능성이 있을까? 일단은 가능성에 기대해 봐야겠다.
Story_0464, \q있었으면 그렇게까지는 혼란스럽지는 않았겠죠! 갑자기 늑대라니까 놀라가지고 난리가 났으니.\q \n 지금까지는 없었던 늑대의 등장. 뭔가 찝찝하다.
Story_0466, \q작년 5월 19일에요. 여기 안내판에 써 있어요!\q \n 작년 1월에 늑대 소문이 퍼지고 5월에 빨간 모자가 늑대를 만났다?
Story_0469, 그 많은 늑대들 중 한 마리가 할머니 댁으로 갔을 수도 있는 거잖아. \n 얻으려고 했던 정보가 아니라 원래 빨간 모자 이야기를 더 들은 느낌이다.
Story_0470, 공포의 시작인 1월부터 계속 늑대를 본다는 종이가 붙으면 5월쯤이면 공포가 엄청나겠지. \n 그러다 빨간 모자 사건이 벌어지고 종이가 안 붙으면?
Story_0472, 약은 빨간 모자가 행한 사기 행각이라고 생각하니까 너무나도 현실적인 빨간 모자 이야기가 되었다. \n 사기친 빨간 모자의 실체를 알면 빨간 모자는 어떻게 되려나? 빨간 모자를 뺏길 수도 있지 않을까?
Story_0474, 할머니 댁에 대한 정보를 얻으려다가 생각도 못한 이야기들이 머릿속으로 들어왔다. 좋은 건지 나쁜 건지는 잘 모르겠다.
Story_0476, 저렇게 웃는데 무시하기도 좀 그래서 입꼬리를 슬쩍 올려 보인다. 지금 내 얼굴 누가봐도 어색할 것 같은데. \n \q좀 보여 드릴까요?\q
Story_0480, \q그래 주시면 감사하죠.\q \n 잠깐만 기다려 달라는 말을 남기고 가이드는 안내소로 향한다. 그리고는 30초도 걸리지 않아 다시 나에게로 온다.
Story_0482, \q요게 4월 것인데 가장 최근 거예요. 빨간 모자님께서 한 번 물리쳐 주시고 나서는 늑대가 없으니까 안 붙거든요.\q \n 하나씩 넘겨 보는데 뭔가 이상하다.
Story_0485, 맞춤법이 왜 이렇지? '말아요'를 다 '마라요'라고 써 놓았다. 어려운 맞춤법도 아닌데 왜 다들 같은 거에서 틀리는 거지?
Story_0487, ... 잠깐만\c 다들이 아닐 수도 있잖아. \n 갑자기 이 모든 종이가 같은 사람이 썼을 수도 있다는 생각이 든다.
Story_0488, '보세요'의 ㅂ이 뭔가 특이하다. 한 번에 쓰려고 했던 것인지 신기하게 생겼다. 그리고 다음 페이지를 넘긴다.
Story_0490, 다시 처음부터 종이를 읽어 본다. 이제야 그 종이들에서 느낀 이상한 점을 찾았다. \n 모든 종이의 글씨체가 똑같다. 즉\c 이 모든 종이를 한 사람이 썼다는 소리다.
Story_0492, \q다 봤어요. 감사합니다.\q \n \q네\c 다음에도 도움이 필요하시면 말씀해 주세요! 전 이 마을 최고의 가이드\c 정 가이드니깐요-.\q
Story_0494, 빨간 모자가 그런 거라면 내가 빨간 모자를 얻을 방법은 그녀를 추락시키고 그 모자를 쟁취하는 것이다.
Story_0496, 나한테 중요한 거는 빨간 모자를 얻는 것뿐이니까. 그걸 안다고 해서 내 손에 빨간 모자가 떨어지는 것도 아니고. 
Story_0498, 계속 질문한다고 해서 나한테 이득이 될 것 같지는 않으니 이에 대해서는 그만 질문해야겠다는 생각이 든다.
Story_0499, '요기' 있다며 손가락으로 가리키는 곳에 지금은 아무것도 없다. \n \q아- 네! 빨간 모자님께서 늑대 물리치고 나서는 안 붙어요\c 역시\c 빨간 모자님이 무섭긴 한가 봐요.\q
Story_0501, 집에 대해 변한 정보가 있을까싶어 김 사장처럼 가이드를 은근슬쩍 떠본다.
Story_0503, \q저도 그러실 줄 알았는데 그 나무집에서 계속 사시던데요. 헐\c 이거 말하면 안 되는데.\q \n 응? 왜 말하면 안 된다는 거야.
Story_0506, 이 사람\c 좀 마음에 드네. 도움이 많이 되겠어. 물어보면 물어보는 대로 필터링 없이 대답하는 가이드에 자주 찾아올 것만 같은 느낌이 든다.
Story_0509, 할머니의 상태에만 관심있는 것처럼 입꼬리를 살짝 올려 보인다. \n \q... 그렇죠! 다행이에요.\q \n 당황해서 한 박자 늦게 반응하는 그에 약간의 재미를 느낀다.
Story_0510, 내 말에 갑자기 확 밝아지더니 내 손을 잡는다. \n \q아\c 진짜 감사합니다-. 진짜 꼭 약속 지키시는 겁니다!\q
Story_0513, 속으로만 생각하며 잡힌 손을 빼낸다. 잡힌 손을 툭툭 털고는 다시 그를 쳐다본다.
Story_0517, \q맞아요! 그래서 무조건 오른쪽으로 간다. 이게 빨간 모자님 집에 가는 법칙이에요.\q \n 이번에도 말하고 나서 잘못됐다는 걸 알았는지 자신의 입을 손으로 때린다.
Story_0519, 빨간 모자 집에 가는 길을 얻었으니 빨간 모자를 얻을 방법이 생겼다. 왜인지 느낌이 좋다.
Story_0520, \q저희가 빨간 모자님 집으로 편지 배달하거든요. 첫 날 배우는 것도 마을 지도랑 빨간 모자님 집에 가는 길이에요! 잠깐만요.\q \n 허리춤에 찬 가방에서 종이 한 장을 꺼낸다.
Story_0522, 마을 지도다. 그런데 빨간 줄로 길이 그려져 있다. 자세히 봐야 할 것 같은데.
Story_0524, \q앗\c 이제 그만 주세요!\q \n 가이드가 자신의 쪽으로 지도를 당긴다. 2초 보여 줘 놓고 가져가겠다는 건 뭐야.
Story_0527, 가이드 쪽으로 지도가 당겨진다. 아쉽지만 주인이 가져가겠다니깐. 그래도 로도드 숲 할머니 댁에 빨간 모자가 산다는 정보는 얻었으니까 괜찮겠지.
Story_0528, 이걸 더 봐야겠다는 생각이 들어 뺏기지 않으려 지도를 당긴다. 그러자 양쪽에서 힘이 들어간 지도가 찌지직 하더니 위아래로 찢겨진다.
Story_0530, \q어엇\c 어떡하지?\q \n 가이드는 자신의 손에 있는 지도를 가방에 도로 넣고는 안내소로 향한다.
Story_0532, 그래도 나 때문에 일이 생긴 거니 기다려본다. 1분정도 기다리니 남자가 안내소에서 나온다. \n \q어\c 뭐 더 물어볼 거 있으세요?\q
Story_0534, \q아니에요. 혹시 저 때문에 잘못된 걸까봐 기다렸어요.\q \n \q아아\c 아니에요! 가이드는 필수적으로 지도를 들고 다녀야해서 그런 거요.\q
Story_0536, 들고 있는 지도를 얻었으니 빨간 모자가 모자를 벗고 있을 가능성이 큰 할머니 댁에 갈 방법이 생겼다.
Story_0538, 내가 들고 있는 지도에 빨간 줄의 대부분이 표시되어 있어 쓸모가 있어 보인다. \n \q저기요!\q
Story_0540, \q찢어진 지도는 주고 가셔야죠! 그거 제 거잖아요-\q \n 그 사이에 안내소에서 할 일을 끝냈는지 나에게 와서 손에 든 종이를 휙하고 가져간다.
Story_0543, 지도를 좀 더 제대로 볼걸. 빨간 모자를 얻을 수 있을지도 모르는 방법 하나를 얻었지만 가는 방법을 모른다는 게 큰 문제가 되었다.
Story_0544, \q걸어서 가죠?\q \n 아니\c 가는 수단을 물어본 게 아니잖아. 눈치가 없는 건지 일부러 모르는 척하는 건지\c 사실 그냥 눈치가 없는 것 같기는 하다.
Story_0546, \q그건 말씀 못 드리죠! 더 이상은 말씀드릴 수 없어요. 그. 것. 말. 고. 궁금하신 점 있으시면 이 마을 최고의 가이드\c 저를 찾아주세요-.\q \n 더 이상 물어볼 거는 없는 듯하다.
Story_0548, 방법 하나를 얻으면 뭐 해. 가는 길을 모르는데! 그래도 더이상 얻을 정보가 없으니 자리를 떠야겠다.
Story_0550, 사람들은 각자의 무리대로 모여 자신들의 이야기를 풀어내고 있다. 그런 사이에 끼어들어야 질문할 수 있을 텐데.
Story_0552, 로도드 숲? 로도드 숲이 어디지? \n \q멍청한 여우 같으니라고. 꼭 내 말은 안 들어-.\q
Story_0555, 조심스럽게 끼어든 말에 두 남녀가 쳐다본다. 여자 말대로 남자는 여우과처럼 생기긴 했네. \n \q무슨 일이세요?\q
Story_0556, 갑자기 끼어든 말에 두 남녀가 깜짝 놀라 쳐다본다. 여자 말대로 남자는 여우과처럼 생기긴 했네. \n \q뭐라고 하셨어요?\q
Story_0558, \q로도드 숲이요? 저기 1번가 끝에 있는 숲이에요.\q \n 여자의 손가락 끝에 울창한 숲이 보인다. \n \q아니\c 자기야. 내 말 좀 들어봐.\q
Story_0561, \q오른쪽으로만 갔더니 집 하나가 보이는 거야. 나무로 만든 오두막 같은 느낌의 집이. 그런 집에서 사는 거 어때-?\q
Story_0564, 거기가 중요한 게 아닐 것 같은데요\c 여우 양반. 집이 중요하긴 한데 집의 생김새가 중요한 게 아닌데.
Story_0566, 이게 바로 플러팅이라는 건가. \n \q우리 토끼는 그런 집에서 사는 게 예쁠 것 같은데?\q \n 기승전 플러팅. 사람 자체가 여우네.
Story_0568, 누구의 집이려나. 내가 이 마을에 살지를 않으니 감도 잡히지 않는다.
Story_0572, \q아마 빨간 모자님 할머니 댁일 거에요. 로도드 숲에 있는 집은 그 집 하나거든요!\q
Story_0574, 오른쪽으로만 가면 갈 수 있다니까 한번 가 보는 것도 나쁘지 않을 것 같다. 
Story_0578, 여자는 토끼같은 동그란 눈을 접어 눈웃음을 보이며 인사한다. 남자는 그런 여자를 보며 투덜투덜거린다. 솔로 천국이다\c 이 사람들아.
Story_0579, 여자는 토끼같은 동그란 눈을 접어 눈웃음을 보이며 인사한다. 남자는 그런 여자를 보며 투덜투덜거린다. 솔로 천국이다\c 이 사람들아.
Story_0580, \q네- 감사합니다.\q \n 남자는 양쪽 입꼬리를 씨익 올려 웃는다. 솔로 천국이다\c 이 사람들아.
Story_0582, \q그만해라-?. 나 마법의 상점 갈 거니까 따라오든지 말든지.\q \n 잠깐\c 마법의 상점? 이름부터 왠지 끌린다.
Story_0585, 다시 뒤를 돌고 물어보자 여자의 안그래도 큰 눈이 커진다. \n \q어\c 필요할 물건을 추천해 주는 상점이에요.\q
Story_0586, 다시 뒤를 돌고 물어보자 여자의 안그래도 큰 눈이 커진다. \n \q어\c 2번가에 있어요. 정확한 주소는 기억이 안 나서...\q
Story_0588, \q2번가에 있어요. 정확한 주소는 기억이 안 나서 말씀드릴 수가 없네요. 죄송해요.\q \n \q자기가 왜 사과해. 이제 대답해드렸으니까 가던 길 가시죠?\q
Story_0589, \q이 사람\c 질문이 많네. 필요할 물건을 추천해 주는데 그게 다 맞아떨어져서 그래요. 됐죠? 이게 그만 방해하시고 가던 길 가시죠?\q
Story_0592, 싸늘한 눈빛에 입 밖으로는 꺼내지 못하고 속으로 욕한다. 그래도 정보를 얻었으니 그의 말대로 가던 길을 가야겠다.
Story_0594, \q어\c 빨간 모자한테 받을 게 있는데 그 여자가 내 눈에 안 띄길래 약속 좀  잡아 놓으라고 하려고.\q \n 이장님\c 빨간 모자\c 약속?
Story_0597, \q그렇다고 저한테 말도 없이. 이러시면 곤란합니다.\q \n \q뭐\c 내가 만나겠다는데. 됐고\c 넌 이장한테 약속이나 받아와.\q
Story_0599, 조심스럽게 끼어든 말에 두 남녀가 쳐다본다. 여자는 위아래로 나를 훑어보고 남자가 내 말에 대답한다. \n \q무슨 일이시죠?\q
Story_0602, \q아\c 이장님께서 많이 챙기시죠. 그 사건에 자신 잘못도 있다고 생각하셔셔.\q \n \q그건 이장 생각이고. 이장이 뭔 죄야.\q
Story_0604, \q이장님께서는 그 사건 때 현장에 도와주러 가셨습니다. 얼마나 끔찍했는지\c 자신이 마을 못 지켜서 그런 거라고 미안해하세요.\q
Story_0606, \q집에서 우물까지 피가 뚝뚝뚝 떨어져있었다고 하고 빨간 모자는 머리도 산발인 채로 울먹거리고 있었다네요.\q
Story_0608, \q자기는 늑대를 못 봤는데도 그 정도였는데 실제로 봤으면 얼마나 무서웠을까 생각하면 미안하시대요.\q
Story_0610, \q늑대가 우물에 깊이 빠져서 보시지는 못하셨다고 해요. 그렇다고 늑대를 꺼낼 수 있는 방법은 또 없으니...\q \n 이장님도 늑대를 보지 못했다.
Story_0612, 늑대를 본 사람이 빨간 모자와 할머니 뿐인데 두 사람은 당사자니까 신뢰도가 떨어질 수 있다. 그렇다면 늑대의 존재 자체가 거짓일 가능성은 없을까?
Story_0615, 이 이야기를 진실로 만들어 자신을 영웅으로 만들어줄 누군가가 필요했던 건 아닐까? 늑대를 실제로 보지는 못해도 상황만으로 믿어줄 만한 누군가가.
Story_0618, \q네\c 빨간 모자님이 정신이 없는 채로 지나가던 자기를 붙잡고 도와달라고 하셨대요. 그래서 갔는데 현장이 장난이 아니었다고 하셨습니다.\q
Story_0621, 지나가던 이장님을 붙잡았다. 어떻게 딱 이장님한테 도와달라고 했을까 하는 생각이 든다. 단순한 우연인지\c 계획된 노림수인 건지.
Story_0623, \q할머니께서는 밖으로도 안 나오시고 집 안에 문 잠그고 살려달라고만 계속 말씀하시고 그랬다니깐 많이 끔찍했겠죠.\q
Story_0626, 이장님은 안전한 사람임이 틀림없는데 왜 모습을 보이지 않았을까. 자신을 도와서 병원으로 데리고 가 달라고 하거나 할 것 같은데.
Story_0627, 무서워서 밖으로 어떻게 나가. 근데 이장님이라고 하면 얼굴이라도 살짝 보고 얘기할 것 같은데.
Story_0629, 할머니를 본 사람은 빨간 모자 말고는 아무도 없다는 거다. 할머니를 만나 봐야 하는 건가하는 생각이 들었다.
Story_0631, \q어후\c 왜이리 말도 많고 질문도 많아. 나 바빠.\q \n 질문에 대답은 남자가 했는데 아까부터 손톱만 만지던 여자가 불만을 토로한다.
Story_0633, 아까부터 말하는 본새가 맘에 안 들었어. \n \q그리고 너\c 마법의 상점 가서 내 물건 좀 가져와. 오늘 그 두 개만 하고 쌈밥 먹으러 가자.\q
Story_0636, 이름부터 끌리는 이 상점은 뭘까. 왜인지 헤르미온느가 윙가르디움 레비오우사를 외칠 것 같은데. \n \q죄송한데 마지막 질문 하나만 더 할게요.\q
Story_0637, 와\c 쌈밥 맛있겠다. 그냥 배가 고픈 건가. \n 근데 이게 중요한 게 아닌데. 마법의 상점이 뭘까. \n \q죄송한데 마지막 질문 하나만 더 할게요.\q
Story_0640, 여자는 질문에 헛웃음을 짓고는 고개를 옆으로 돌린다. 이번에도 남자가 대답한다. \n \q어\c 필요할 물건을 추천해 주는 상점이에요.\q
Story_0642, \q2번가에 있어요. 정확한 주소는 기억이 안 나서 말씀드릴 수가 없네요. 죄송해요.\q \n \q네가 왜 사과해. 이제 대답해 드렸으니까 바빠서 이만.\q
Story_0644, 그리고 왜 말이 짧아. 그 자리에 계속 있다간 화만 날 것 같아 자리를 뜬다.
Story_0645, 여자는 질문에 헛웃음을 짓고는 고개를 옆으로 돌린다. 이번에도 남자가 대답한다. \n \q어\c 2번가에 있습니다. 정확한 주소는 기억이 안 나서....\q
Story_0647, \q미래에 필요할 물건을 정확하게 추천해 주거든요.\q \n \q질문 하나라며. 그만 대답하고 가자.\q
Story_0649, 저런 사람 밑에서 일하면 진짜 피곤하겠다. 근데 무슨 사이이려나. 연인은 아니겠지? \n 두 사람에 대한 생각을 하며 자리를 뜬다.
Story_0651, 3\c4번가 사이 거리는 복작복작하던데 이 거리는 생각보다 여유로움이 감돈다. \n 2번가 마법의 상점이라던데 정확한 주소를 듣지 못해 이리저리 고개를 돌려본다.
Story_0653, 한 가게에서만 유독 반짝거리는 빛이 뿜어져나온다. 그 신비로움에 이곳이 마법의 상점이라는 확신을 한다.
Story_0655, 딸랑딸랑. 문에 달린 종이 흔들거리며 소리를 낸다. 그 소리를 들은 것인지 카운터에 앉아있던 여자가 일어난다. \n \q어서오세요-\q
Story_0658, 인사한 후 고개를 들자 환하게 반달 눈웃음으로 반기고 있는 여자가 보인다. 
Story_0659, 가게 안은 편의점처럼 물건이 정열된 모습이 아니라 서랍장에 물건을 넣어둔 듯한 모습이다. 
Story_0661, 무언가를 한 번 거쳐서 들리는 남자의 목소리가 귀에 박힌다. \n '하하\c 이번 사연자분께서는 짝사랑이 아니라 그냥 사랑을 하고 계신 것 같은데요.'
Story_0663, 목소리가 들리는 곳을 향해 고개를 돌리자 TV에 상반신만 나오는 남자의 모습이 보인다. 살짝 들어간 보조개와 옷 중간에 보이는 동그란 무언가가 눈길을 빼앗는다.
Story_0666, \q저 분이요? '오로라' DJ예요. 얼굴을 보여 준 적이 없어서 누군지는 잘 모르겠는데요?\q \n 라디오에서 나오는 차분하면서도 능글맞은 목소리를 들으며 천천히 앞으로 걸어간다.
Story_0667, \q'오로라'라고 저희 마을 라디오에요! 이 시간에 꼭 방송하거든요. 아마 저희 마을 사람이면 다 들을걸요?\q \n 라디오에서 나오는 차분하면서도 능글맞은 목소리를 들으며 천천히 앞으로 걸어간다.
Story_0669, 여자는 고개를 끄덕이면서 옆에 있는 누군가를 친다.
Story_0672, 앉아 있던 남자는 자신을 치는 여자의 손에 손깍지를 끼더니 일어난다. \n \q오랜만이네.\q 
Story_0673, 여자의 옆으로 키가 큰 남자가 일어난다. \n \q오랜만이네.\q 
Story_0676, 남자는 어깨를 들썩거리더니 입꼬리를 들어올린다. \n \q특별한 모자가 필요하지?\q
Story_0680, \q그건 내가 줄 수는 없고\c 대신 필요할 것들을 좀 추천하지.\q \n 남자는 카운터 밑에서 상자를 꺼내더니 카운터 위로 턱 하고 내려 놓는다.
Story_0682, 아무것도 적히지 않은 종이와 검정 네임펜이다. \n \q누군가가 거기에 무언가를 써야 할 때가 있을 거야. 아마 펜이 힌트가 될지도 모르고.\q 
Story_0685, 종이를 4등분해 접고 볼펜 옆 꽁다리에 끼운다.
Story_0687, 까만색 작은 캠코더이다. \n \q휴대폰도 없을 텐데 증거로 남길 만한 캠코더 하나는 있어야 하지 않겠어?\q
Story_0689, 켜 보자 테이프도 많이 남아있는 것이 보인다.
Story_0691, 손바닥의 2배 정도 되는 호신용 단검이다. \n \q죽을 위기에서 한 번은 빠져나올 수 있게 도와주겠지.\q
Story_0693, 생각보다 손에 착 감기는 것이 쓸 일이 생기면 잘 쓸 것 같다.
Story_0695, 빨간 모자와 한 여자가 같이 찍은 사진이다. \n \q이 아가씨를 알려나. 너에게 누구보다 도움이 될 사람이니 알아 둘 필요가 있겠지.\q
Story_0697, 사진을 뒤집어보니 손으로 쓴 것 같은 글씨가 보인다. \n '넌 나에게 진심이었던 적이 있었을까.'
Story_0698, \q조심은 해야 할 거야. 너에게 주어진 기회는 한 번뿐이니까.\q
Story_0700, \q조심해. 한 번뿐인 기회 날리면 아쉽잖아?\q\n뒤를 돌던 남자는 다시 뒤를 돌아 나를 쳐다본다.\n\q아\c 머릿속에 든 거 잘 좀 굴려봐. 안그래도 어려운데.\q
Story_0701, 나머지 물품을 다시 살펴본다.
Story_0703, 손에 잡힌 적 없는 듯한 느낌의 물건이 손 끝을 스친다. 
Story_0706, \q어디까지 의심하고 있으려나. 아무것도 의심하지 못하는 멍청이는 아닐 거라고 믿어.\q\n이 사람 지금 앞담 까는 건가.
Story_0711, \q내가 얘기해도 되는 건가 싶기는 한데 그렇다고 이곳이 무너지진 않을 테니.\q
Story_0713, \q빨간 모자를 영웅이 아니게 만들어 봐. 그럼 네가 원하는 걸 얻을지도 모르지.\q\n빨간 모자를 영웅이 아니게 만들어라?
Story_0716, \q생각보다 멍청하네. 나비효과로 생각해 봐.\q \n 빨간 모자를 영웅이 아니게 만들면... 빨간 모자의 의미가 사라진다. 그럼 빨간 모자도 빨간 모자가 필요 없어질 것이고\c
Story_0718, \q그치. 무너뜨리면 네가 원하는 것의 가치도 없어지겠지. 그럼 네 손에 들어가기에 더 편할 것이고.\q
Story_0720, \q눈치챈 것 같으니 더이상의 말은 삼가도록 하지.\q \n 김 사장과의 대화에서 틀이 잡혔던 이번 동화의 목표가 확실해졌다. 미안하지만 난 그녀를 어떻게든 영웅에서 끌어내린다.
Story_0722, \q너무 이상하게 보지는 말게. 안 그래도 잘생긴 거 아니까.\q\n남자의 말에 여자가 조용히 하라며 까치발을 들어 남자의 입을 막는다.
Story_0726, \q그래도 이 사람 말 잘 새겨두는 게 좋을 거예요! 이래봐도 능력이 좋은 사람이라.\q\n여자가 싱긋 웃어 보인다.
Story_0729, \q네 선택이 옳길 바라. 내가 단서를 주는 첫 인간이니.\q
Story_0731, 딸랑딸랑거리는 문을 열고선 밖으로 나온다. 여전히 빛이 나는 가게를 지나쳐 거리로 나선다.
Story_0733, 사람도 별로 없는 거리에서 누군가랑 부딪쳐 버렸다. 주변을 둘러보니 한 여자가 떨어진 책들을 줍고 있다.
Story_0736, \q괜찮아요! 근데 이것 좀 같이 주워 주실 수 있으실까요?\q
Story_0738, 건네받는 여자의 손에 왜인지 익숙한 사진이 들려 있다.\n\q이 사진 어디서 나셨어요?\q\n아까 상점에서 산 사진이다.
Story_0740, \q이걸요? 제 사진을 왜 사세요?\q\n지금 보니 사진 속 여인이 앞에 서 있는 이 여자다.
Story_0745, \q빨간 모자님이요? 여기 빨간 모자님이 어디 있어요. 사기꾼이랑 저밖에 없는데.\q\n사진 속 빨간 모자를 가리키며 사기꾼이라고 말한다.
Story_0747, \q제가요? 왜 제가 당신한테 필요하죠?\q\n나 역시 그 이유는 모른다. 하지만 이 사진에 있는 이 여자에게서 무언가를 얻을 수 있지 않을까.
Story_0750, \q아\c 얘요? 제가 이사 오기 전에 살던 마을에서 사기친 애인데 그러고 잠수탔어요.\q\n빨간 모자가 사기를 쳤다? 
Story_0751, \q제가요? 저는 빨간 모자님이랑 아는 사이가 아닌데요?\q\n사진 속에는 분명히 친해보였는데. 사진의 빨간 모자를 가리킨다.
Story_0753, \q네. 얘 사기꾼이에요. 사기쳐서 사람들 돈 뜯어먹는 사기꾼.\q\n여자는 말하면서도 기분 나쁜지 미간을 찌푸린다.
Story_0755, \q확실하죠. 내가 얘한테 당했는데. 뒤에 내가 쓴 말도 그대로 있네.\q\n빨간 모자가 사기꾼이다? 생각보다 재미는 스토리네.
Story_0757, 전혀 동화에서는 본 적이 없는 부분이다. 앞은 그래도 동화와 비슷해서 흘러가듯이 읽었지만 여기는 정말 처음 본다. 이 부분이 들어간 이유가 무엇일까?
Story_0759, 하지만 그렇다는 게 내가 빨간 모자를 찾는 것과 무슨 연관이 있다는 걸까. 머릿속을 혼란스럽게 하는 생각들은 정리될 생각이 없어보인다. 일단은 이장님을 찾아가야 조금이라도 실마리가 풀릴 것 같다.
Story_0761, 이장님이 도와주러 그곳에 갔었다면 무언가를 봤을 수도 있다. 아님 이장님이 빨간 모자를 영웅으로 만드는데 큰 역할을 했을 수도 있고. 
Story_0763, 일단 이장님을 만나서 물어봐야 무언가 해결될 것 같다.
Story_0767, \q이장님 찾는 거면 그냥 길 가다가 만나는 거 말고는 방법이 없어요! 워낙 전화도 잘 안 받으시고 마을을 계속 돌아다니셔셔 어디 있다고 말할 수도 없어서...\q
Story_0768, 어쩔 수 없이 가이드같은 남자에게 말을 건다. 아까는 못 봤던 명찰이 보인다. '정 가이드.' 가이드는 맞는 것 같다.
Story_0770, 그럼 이 사람한테서라도 정보를 좀 얻어야겠다. \n \q그럼 뭐 좀 물어봐도 되나요?\q\n \q저요?\q\n 동그랗게 눈을 키우고는 쳐다보는 가이드에 고개를 끄덕인다.
Story_0772, \q네! 빨간 모자님이 급하다고 하셔서 로도드 숲에 같이 가셨다고 하셨어요.\q\n 이장님은 분명히 사건 현장을 보았을 것이다.
Story_0774, \q음- 늑대가 빠져서 그런지 우물의 물 양이 엄청 불어나 있었다고 하셨죠.\q\n 늑대가 빠져서 그런지... 그렇다면\c
Story_0776, \q아\c 맞아요! 늑대가 우물에 깊이 빠져서 보시지는 못하셨다고 해요. 그렇다고 늑대를 꺼낼 수 있는 방법은 또 없잖아요?\q\n 역시나\c 이장님도 늑대를 보지는 못했다.
Story_0779, 늑대를 본 사람이 빨간 모자와 할머니뿐인데 두 사람은 당사자니까 신뢰도가 떨어질 수 있다. 그렇다면 늑대의 존재 자체가 거짓일 가능성은 없을까?
Story_0780, 이 이야기를 진실로 만들어 자신을 영웅으로 만들어 줄 누군가가 필요했던 건 아닐까? 이장님은 만나기가 힘들다는데 급한 상황에서 이장님을 찾아 도와달라고 한다?
Story_0783, 이장님의 이야기를 들을 수 있으면 더 좋을 텐데 아쉽지만 마을에 있는 동안 한 번이라도 만날 수 있기를 바랄 뿐이다. 아이디어를 떠올리는 중\c 누군가가 어깨를 툭툭 건드린다.
Story_0785, \q음- 할머니께서 엄청 떠는 목소리로 살려 달라고 하시는 걸 들으셨는데 그때 엄청 죄송했다고 하셨어요. 로도드 숲도 자신이 관리하는 곳인데 그거 하나 제대로 못했다고.\q
Story_0788,이장님께서는 이 마을에 대한 애정이 엄청나신가 보다. 그러니까 마을을 지켜냈다고 빨간 모자를 영웅으로 생각하시는 거겠지. 이장님의 애정에 대해 생각할 때쯤\c 누군가가 어깨를 툭툭 건든다.
Story_0789, \q할머니를 본게 아니라 들었다고요?\q\n \q네! 할머니께서 무서우셔서 집 안으로 빨간 모자 말고는 아무도 못 들어오게 하셨대요. 그래서 목소리만 들을 수 있으셨다고 하셨어요.\q
Story_0791, 할머니를 본 사람은 빨간 모자말고는 아무도 없다는 거다. 목소리만 있는 할머니의 존재에 대한 의문이 생길 때쯤\c 누군가가 어깨를 툭툭 건든다.
Story_0793, \q뭐라고 하시긴요-. 우리의 영웅이라고 하시지. 근데 빨간 모자님한테 매번 미안해하세요.\q\n 이장님께서 빨간 모자한테 미안해할 이유에 대해 곰곰이 생각해본다.
Story_0795, \q자신이 지키는 마을에서 이런 일이 벌어졌으니 제대로 일도 못했다고 미안해하세요. 그래서 매번 할머니 드리라고 따로 빨간 모자님께 반찬 같은 것도 드리는 걸로 알고 있어요.\q
Story_0797, \q왜 직접 안 드리고 빨간 모자님께 부탁드리는 거예요?\q\n \q할머니께서는 빨간 모자 말고는 얼굴을 안 비추세요. 그래서 마을에서 할머니를 직접 만난 사람은 아무도 없을걸요?\q
Story_0800, 무슨 전설의 동물도 아니고 말로만 존재하는 할머니인가. 이렇게 말하니까 되게 이상하긴 하다. 그래도 지금 중요한 건 할머니에 대한 정보를 얻을 만한 사람이 없다는 것이다. 잠깐\c
Story_0803, 할머니에 대한 정보가 없는 건 아닐까? 할머니의 존재에 대해 의심이 커지는 사이 누군가가 내 어깨를 툭툭 건드린다.
Story_0804, 내가 그 정보를 직접 얻으면 되는 거 아닐까? 할머니를 뵙게 된다면 얘기를 하면서 정보도 얻어내고 설득도 해서 빨간 모자를 얻을 수 있지 않을까하는 긍정 회로를 돌린다. 그러던 중 누군가가 어깨를 툭툭 건드린다.
Story_0806, \q혹시 할머니 댁 가보고 싶으신 거면 로도드 숲으로 가시면 돼요. 꼭 갈래길에서는 오른쪽으로 가시구요!\q\n 이런 거 얘기해 줘도 되는 건가? 개인정보일 텐데.
Story_0809, \q여기 써 있잖아요! 할머니 댁\c 로도드 숲.\q\n 가이드가 가리키는 부분에 할머니 댁이 로도드 숲에 있다고 써있다. 공개된 내용이라면 뭐 상관없겠지.
Story_0811, \q물어보실 거 생기시면 이 마을 최고의 가이드\c 저! 정 가이드를 찾아주세요-\q\n 저 이상한 멘트를 가볍게 무시하고 이 다음에 어딜 가야 할지 고민한다.
Story_0814, 어딜 가야 할지 떠오르는 곳이 없어 추천받기로 한다.\n \q어어\c 2번가 마법의 상점 가 보셨어요? 거기가 필요할 물건을 골라 주는 곳으로 유명한 상점이에요!\q
Story_0815, 빨간 모자가 자신의 모자를 중고에 팔아서 돈을 벌었을 가능성을 생각해 중고 상점을 물어본다.\n \q그런 곳은 없는데... 대신 2번가 마법의 상점은 어떠세요?\q
Story_0817, \q중고는 아니고 필요할 물건을 골라 주는 곳으로 유명한 상점이에요!\q
Story_0819,무슨 물건을 골라 줄까하는 호기심에 다음 장소를 그곳으로 결정한다.
Story_0821, 빨간 모자를 얻기 위해 무언가가 필요할지도 모르니까 상점 같은 곳에 가 봐야 할 것 같은데. 
Story_0824, 갑자기 들려오는 큰 소리에 가이드가 눈을 크게 뜨고는 쳐다본다.
Story_0826, \q상점하면 2번가 마법의 상점이죠! 미래에 필요할 것을 추천해 주는데 그게 딱 맞아 떨어지니까 얼마나 신기한지-\q
Story_0829, 굉장히 끌리는 상점에 이 다음 목적지를 한 번에 정한다. '마법의 상점.' 나한테는 무엇을 추천해 줄지 기대가 된다.
Story_0830, '과방 속 사과주스'\c '루팡의 월급은 어디로 갔을까'\c '해커의 사생활'\c '부장님은 점심메뉴를 고르지 않는다'. 특이한 제목의 책들이 눈에 보인다. 
Story_0832, \q네? 얘가 빨간 모자라고요?\q\n여자는 진심으로 당황했는지 중얼중얼거린다.\n\q영웅이라면서요\c 사기꾼이 어떻게 영웅이에요!\q
Story_0835, 여자는 천천히 숨을 고른다.\n\q이 마을까지는 소문이 안 났나 보네요. 얘 우리 마을에서는 수배 걸려 있어요. 몇 명한테 사기를 쳤는지도 모를 정도라고요.\q
Story_0836, \q네. 이렇게 사진을 찍을 정도로 친했었다고요. 역시 사람은 안 변한다더니 여기서도 사기치고 있네.\q
Story_0838, 왜 상점의 남자가 나한테 이 사람이 필요하다고 했는지 알 것만 같다.\n\q제가 뭘 도와드릴 수 있는데요?\q
Story_0841, \q그런 거라면 좋아요! 저도 이 사기꾼이 영웅으로 있는 꼴은 못 보겠거든요.\q\n여자는 나에게 책 한 권을 건넨다. 
Story_0843, \q제 도움이 필요하시면 메모 써서 2번가 27 우체통에 넣어 주세요. 그럼 도와드리러 갈게요. 지금 제가 바빠서 먼저 가 볼게요.\q
Story_0845, 인사를 주고받고 사라지는 여자의 뒷모습을 본다.\n영웅을 끌어내릴 방법 하나가 손 안으로 들어왔다.
Story_0847, 새빨간 표지의 책을 마지막으로 주워 건넨다. 여자는 책들로 꽉 찬 살구색 큰 에코백을 어깨에 맨다.
Story_0849, 가방이 책들의 무게를 간신히 버티며 어깨에 축하고 내려가있다.\n\q아\c 괜찮아요. 엄청 무겁지는 않아요.\q
Story_0851, \q그럼 저 먼저 가 보겠습니다. 도와주셔서 감사해요.\q\n기분 좋은 웃음을 보이며 인사하는 여자에 고개를 끄덕이며 인사를 건넨다.
Story_0853, \q4번가 서점에서 샀어요. 이번에 신작들 많이 들어왔으니 한번 다녀오세요.\q\n책을 볼 시간이 없어요\c 저에겐.
Story_0855, 생각과 반대되는 말이 머리를 거치지 않고 입에서 나온다. 내 말에 해사한 웃음과 함께 인사를 건네고 자신의 길을 간다.
Story_0857, 제대로 밥 한 끼 먹지 못한 채로 사람들 사이에서 기 빨리니까 쉴 곳이 심히 필요하다. 걸음을 재촉해 숙소가 있는 거리에 들어선다.\n길 가장자리에 있는 안내판에 '로도드 숲 가는 길'이라고 쓰여있는 것을 보고 지나친다.
Story_0859, 저 멀리서 손을 흔들고 있는 누군가에 아무 생각 없이 고개를 숙여 인사한다.
Story_0862, \q저녁 드셨어요?\q\n 꼬르륵. 밥 한 끼도 안 먹은 배가 알아서 안 먹었다는 것을 증명하려는 듯 소리를 낸다.
Story_0865, \q그럼 같이 드실래요? 안 그래도 1인분만 배달시키기 좀 그랬는데.\q\n김 사장님의 제안이 나쁘지 않다고 생각이 들어 제안을 받아들인다.
Story_0867, \q하하\c 그것도 모르고 그냥 좋다고 한 거예요? 짜장면에 탕수육 어떠세요?\q
Story_0870, \q짬뽕 아니고 짜장 맞죠?\q\n 고개를 끄덕이자 김 사장님이 바로 전화를 걸어 주문을 한다. 여긴 배달앱이 없나 보다.
Story_0871, \q하하\c 그럼 닭갈비에 밥 시키는 건 어때요?\q\n 고개를 끄덕이자 김 사장님이 바로 전화를 걸어 주문을 한다. 여긴 배달앱이 없나 보다.
Story_0873, \q네\c 5페이 맞아요. 지금 주시게요?\q\n 대답 대신 가방 속 주머니에서 5페이를 줌으로써 긍정의 표현을 한다.
Story_0875, \q네. 밥 올 때까지 쉬고 계세요. 오면 방으로 전화드릴게요.\q\n 알겠다고 대답하고 방으로 들어와서 침대로 들어간다.
Story_0878, 잠시 눈을 감고 쪽잠을 청했고 얼마 되지 않아 방의 전화기로 저녁 먹자는 연락이 온다.\n 좀비처럼 잠이 깨지 않은 몸을 이끌고 사무실 쪽으로 향한다.
Story_0881, 이미 다 준비된 식탁에 감사 인사를 전하고 앉아서 김 사장님과 밥을 먹는다.
Story_0883, \q하하\c 네. 저도 덕분에 안 외롭게 잘 먹었네요. 푹 쉬세요.\q\n 인사를 하고 방으로 향한다.\n 하루만에 익숙해진건지 아침의 추위가 딱히 거슬리지 않는다. 피곤한 몸을 이끌고 기지개를 쫙 편다.
Story_0884, \q하하\c 방 안에 있는 거 드시려면 일단 먼저 오늘 숙소비 내셔야죠.\q\n 아침에도 봤던 그 보조개를 보이며 장난끼 넘치는 말투로 말한다.
Story_0886, 주머니에서 5페이를 꺼내서 김 사장님에게 준다.\n \q5페이 맞네요. 들어가서 쉬세요.\q \n 김 사장님이 사무실로 들어가는 걸 보고 방으로 향한다.\n 하루만에 익숙해진건지 아침의 추위가 딱히 거슬리지 않는다. 피곤한 몸을 이끌고 기지개를 쫙 편다.
Story_0888, 오늘은 어제 얘기를 들었던 로도드 숲으로 향할 것이다. 세수를 하고 나와 옷을 갈아입고 가방을 챙긴다.
Story_0891, 밖으로 나오니 어제보다도 날씨가 화창하다. 느낌이 좋다. \n \q저기요-\q
Story_0893, 어떤 아주머니가 이쪽을 바라보고 있다. 주변을 둘러보지만 나 말고 다른 사람은 없다. 손가락으로 내 얼굴을 가리키자 아주머니가 고개를 끄덕인다.
Story_0896, 처음 보는 사람이네-. 우리 마을에 놀러 왔어요?\q\n 이 사람은 분명히 대문자 E다. 처음 본 사람과 이렇게 말할 수 있다고?
Story_0897, 말이 들리지 않는 것인지 아주머니가 이리로 걸어온다.\n \q부르면 좀 와 주지-. 우리 마을은 놀러 온 거예요?\q
Story_0899, \q여기 구경할 곳도 많고 하니까 많이 쉬고 즐기다 가요-!\q\n 아주머니가 밀짚모자 사이로 흐트러진 머리를 정리한다.
Story_0901, '로도드 이장\c 로 이장' \n 로도드라 로 씨로 지은 건가 싶어 헛웃음이 나온다.
Story_0904, '이장'이라는 말을 들었는지 뒤를 돌면서 생글생글 웃는다.\n \q네-. 저 맞는데요!\q
Story_0907, 어떤 걸 물어봐야할지 잠깐 생각하는 동안 이장님이 입을 연다.\n \q내가 이장이라고 하면 다들 그 날에 대해 물어보던데 그쪽도 그럴 건가요?\q
Story_0910, 처음과 같은 웃음이지만 그 안의 꿰뚫어보는 듯한 눈이 시선을 빼앗는다. 그럼에도 내가 얻어야 할 정보가 그녀에게 있기에 질문을 안할 수가 없다.\n \q별 다른 날은 아니었어요.\q
Story_0913, \q늑대에 대한 공포가 극에 달한 것 말고는.  평소랑 똑같이 순찰을 돌던 중\c 빨간 모자님이 울면서 제발 도와달라고 하더라구요. 달려가 봤더니 핏자국이 떨어져 있고 끔찍했어요.\q
Story_0915, \q이미 늑대는 우물에 빠졌다지\c 할머니는 집 안에서 덜덜 떨고 계시지. 빨간 모자님께서는 정신을 제대로 차리시지도 못하시니까 나라도 침착해야지 싶었어요.\q
Story_0918, \q그때 할머님의 도와달라는 목소리가 들렸고 정신이 번쩍 들었죠. 바로 할머니를 모시려고 했는데 빨간 모자님이 할머니께서 문을 안 열어 주신다고 하셔서 일단 빨간 모자님만 모시고 병원에 데리고 갔어요.\q
Story_0921, \q갔다오니까 할머니의 목소리가 안 들리길래 빨간 모자님께서 잠에 드신 것 같다고 하셔서 돌아왔죠.\q
Story_0923, 말하려고 하자 이장님은 눈썹을 살짝 들었다 내리며 왜 그러냐는 눈빛으로 쳐다본다.
Story_0925, \q빨간 모자님이요? 흐음\c 뭐가 궁금하신 걸까요-?\q\n 이장님이 고개를 갸우뚱한다.
Story_0928, \q정말요? 그럼 뭘 얘기해 줘야 좋아할까 고민 좀 해 볼게요!\q\n 고민하는 듯 눈을 이리저리 굴리는 모습이 마치 아이가 오늘 있었던 일을 꺼내려고 준비하는 것 같다.
Story_0931, \q잠깐만요! 거의 다 생각했어요.\q\n 자신의 입에 검지 손가락을 대는 이장님에 말을 꺼내자마자 도로 입을 닫았다.
Story_0933, \q으음\c 관심이 지나치게 많으시네. 뭐 그래도 물어보셨으니까 대답은 해 드려야겠네요-.\q\n 경계와 친절의 사이에서 아슬아슬한 줄타기 중인 느낌이다. 
Story_0936, \q기다리실래요? 저도 생각할 게 있어서요.\q\n 따끔한 말투에 싱긋 웃는 얼굴의 조화가 싸늘한 분위기를 만든다.
Story_0938, \q빨간 모자님이 로도드 숲에 살고 있는 건 알고 있죠?\q
Story_0940,\q내가 그 날 빨간 모자님 집에 가고 나서 그 이후로도 거의 매일 가서 한 번씩 순찰을 하는데 항상 문이 안 잠겨져 있어요-.\q
Story_0942, \q그래서 갈 때마다 내가 문을 잠가 주고 온다니까-. 누가 뭐라도 훔쳐가면 어쩌시려고.\q
Story_0945, 빨간 모자 집에만 도착하면  집 안으로 들어갈 수 있을지도 모른다. 거기다 빨간 모자가 망토를 두고 갔다면 얻을 수 있을지도?
Story_0947, 여러 계산을 하는 머리와 달리\c 입은 단조롭게 동조하는 말을 한다. 이장은 내 손을 잡더니 맞다며 초롱초롱한 눈으로 고개를 끄덕인다.
Story_0950, 입에서 꺼낼 수 없는 말을 꾹 참고는 같이 고개를 끄덕인다. \n \q너무 쓸모없는 정보인가요-? 이런 애기를 원하신 게 아닌가요?\q
Story_0953, \q어머\c 재밌다니 다행이네요.\q\n 살짝 한 번 고개를 끄덕이며 이장님에게 잡힌 손을 슬며시 빼낸다.
Story_0954, \q어머\c 그래요? 그럼 다행이네요.\q\n 살짝 한 번 고개를 끄덕이며 이장님에게 잡힌 손을 슬며시 빼낸다.
Story_0956, \q네-.\q\n 인사를 하고 고개를 들자 목소리만 남기고 이장님이 사라졌다. 걸음이 참 빠르시네.
Story_0959, \q어머어머\c 그것도 모르면 다른 얘기 말고 그 얘기를 해 줘야겠네!\q\n 박수를 짝 소리나게 치더니 흥분한다.
Story_0962, \q빨간 모자님은 로도드 숲에 있는 나무 집에 살고 있어요. 원래는 할머니 댁이었는데 그 일이 있고 나서는 같이 산다고 하더라고!\q
Story_0964, \q아\c 근데 순찰하러 가면 아무도 없는 것처럼 조용하다? 이 얘기하려고 했던 게 아닌데.\q 
Story_0967, \q음- 이 얘기? 진짜 그게 다인데? 단 한 번도 빨간 모자님이 계실 때도 없었고 할머니의 목소리도 그 일 있고는 한 번도 못 들었어요-.\q
Story_0969, 할머니의 목소리도 사건이 있는 날 말고는 들은 적이 없다. 그 집에 아무도 없는 건 아닐까하는 의문이 드는 게 나만의 생각이 아니겠지.
Story_0970, \q어어. 어쨌든 내가 그 집으로 한번 반찬 좀 주려고 갔는데 문이 열려있는 거 있죠? 조심스레 열었는데 내가 거기서 뭘 봤는지 알아요?\q
Story_0973, \q아무것도 못 봤어요. 헤헤. 정말 그냥 딸내미 방 같던데? 혹시 도둑이라도 들까봐 문 잠그고 나왔죠.\q
Story_0976, 이장님\c 왜 신나하세요. 저는 얻은 정보가 빨간 모자가 할머니랑 로도드 숲에 있는 나무 집에서 산다는 것밖에 없는데요.\n \q어머\c 시간이 이렇게 됐네. 미안하지만 먼저 갈게요-. 다음 곳도 돌아봐야 해서.\q
Story_0977, 아무것도 못 봤다고? 뭐라도 나와야 하는 거 아냐? 빨간 모자나 할머니에 관련된 뭐라도... 음? 할머니도 못 봤다는 건가?
Story_0979, \q어\c 네. 아무도 없었거든요.\q\n 분명 동화에서 할머니는 아파서 못 움직인다고 했던 것 같은데. 할머니를 모시고 어딜 갔던 걸까\c 아님 아예 할머니가 없던 걸까.
Story_0981, 어느 정도 알고 있는 답에 얼굴에 미소가 만연하게 핀다. 생각보다 많은 증거가 기분을 좋게 만든다.\n \q어머\c 시간이 이렇게 됐네. 미안하지만 먼저 갈게요-. 다음 곳도 돌아봐야 해서.\q
Story_0983, 날 아는 사람이 없는 이곳에서 날 부르는 사람이 있겠어. 아무 생각 없이 걸어가는데 왜 주변에 아무도 없는 것 같은 느낌이 들지. 
Story_0986, 그렇다고 하기엔 다시 부르지는 않는다. 내가 맞다면 다시 한번 부르지 않았을까. 하지만 뒤에선 아무런 소리도 들리지 않는다.
Story_0987, 날 다른 사람하고 착각한 거 아닐까. 주변에 아무도 없으니 날 부른 건 맞는 것 같은데 날 부를 사람이 없으니.
Story_0989,다시 목소리를 생각해 보니 분명 여자 목소리였다. 내가 아는 여자라고는....
Story_0993, 아까 그 여자랑 비슷한 것 같기도 한데 나한테 틱틱대던 그 말투가 아니었다. 첫 날에 들은 나한태 적대적인 그 말투.
Story_0994, 아까 그 여자가 더 목소리가 높았던 것 같다. 그리고 차분한 분위기가 묻어나오지 않았다. 
Story_0995, 절대 아니다. 그 발랄하고 통통 튀는 목소리를 못 알아볼 리가 없다. 목소리가 너무 독보적이라.
Story_0997, 모르는 사람이 왜 날 불렀을까. 곰곰이 머릿속에 그 목소리와 이유에 대해 떠올린다. 막상 떠오르는 건 없지만 머리를 굴려 보면은 뭐라도 나올까 싶다.
Story_1000, 인사를 하고 고개를 들자 이미 자리를 뜬 이장님에 어이가 없어 헛웃음이 나온다. 걸음이 참 빠르시네.
Story_1002, 어제 숙소로 들어오면서 본 표지판을 따라 로도드 숲으로 향한다. 3번가 거리에서 나와 분수대를 지나쳐 1번가 거리로 들어간다.
Story_1004, 아침이라 그런지 여유롭다 못해 아무도 없다. 조용한 거리를 지나쳐 1번가 거리의 끝으로 가자 '로도드 숲'이라는 표지판 하나가 있다.
Story_1006, 들어서자마자 느껴지는 맑은 공기에 눈이 땡그래진다. 마을 자체도 공기가 깨끗하다고 느낄 정도였는데 여기는 나무가 있어 더 맑은 느낌이다.
Story_1008, 좁지도 넓지도 않은 길을 따라 나무들 사이를 지나친다. 눈 앞에 보이는 두 갈래의 길.\n 어디로 가야 할까?
Story_1010, 왼쪽 길로 향한 발걸음이 점차 느려진다. 눈 앞에 보이는 보라색과 노란색의 꽃들로 인해 향기로우면서도 달달한 향이 난다.
Story_1012, 나무에서 떨어진 마른 나뭇잎 하나를 발로 밟자 잎이 바스라지는 소리가 난다. 근데 이 소리말고는 무슨 소리가 들리는 듯하다.
Story_1014, 땅에 닿는 발소리인데 일반적인 발소리는 아니다. 내 발소리보다 더 두껍고 거대한 소리.\n 저 멀리 발소리의 주인공이 등장한다.
Story_1016, 나의 거의 2배 가까이 되어 보이는 갈색의 무언가가 보이더니 점차 다가온다. 다가올수록 선명해지는 모습에 뒷걸음질치게 된다.
Story_1019, 아까 그 이상한 남자가 말했던 죽을 위기가 지금인가? 곰에 비해 매우 작지만 그래도 한 번은 살 수 있게 도와주지 않을까 싶어 칼을 손에 꽉 쥔다.
Story_1020, 돌부리에 걸려 주저앉아 버렸다. 이런 클리셰같은 장면을 겪을 줄이야. 어떻게든 일어나 보려 하지만 발목을 삐었는지 도저히 움직일 수가 없다.
Story_1023, 곰을 보면 죽은 척하라는 말이 떠올라 그대로 뒤로 자빠져 죽은 척을 한다. 눈을 감고 있어 아무것도 보이지 않지만 곧 엄청난 숨소리가 가까이 다가온다.
Story_1026, 주변의 돌을 던져 어떻게든 관심을 돌려 보려고 한다. 하지만 잠시 돌을 따라 눈을 돌렸다가 곧장 나에게 초점을 맞춘다.
Story_1029, 칼을 든 팔을 뻗어 곰과의 거리를 유지한다. 무기를 들고 있어서 그런지 긴장감과 동시에 안정감이 든다. 작게 심호흡을 하면 거리를 조절하던 중 곰이 점차 가까워진다.
Story_1031, 정확히 가슴 쪽으로 향하는 칼에 '제발'이라는 단어가 입에서 툭 튀어나온다.\n 쨍-.\n 분명히 힘껏 던졌는데 곰이 손으로 튕겨 칼이 바닥으로 떨어진다. 자신을 공격하려 했다는 걸 안 곰이 빠른 속도로 나에게 달려온다. 
Story_1034, 얼굴 어디든 맞으면 도망칠 방법이 생길 것 같아 온 힘을 다해 칼을 던진다. 내 힘이 하늘에 닿았는지 곰의 눈에 박힌다.
Story_1036, 곰이 제대로 앞을 보지 못할 때를 틈타 왔던 길로 돌아가 이번에는 오른쪽 길로 달려간다.  살짝 뒤를 돌아보니 곰은 보이지 않는다. 잠시 숨을 고른다.
Story_1039, 움직일 수 없게 칼을 다리로 던진다. 포물선을 그리며 곰의 다리에 칼이 박힌다.\n 곰의 시선이 자신의 다리로 향한다. 그리고는 다시 나를 쳐다보더니 빠른 속도로 달려온다.
Story_1041, 평안하고 조용하다. 바람소리만이 귓가를 간지럽힌다. 하지만 이도 잠시\c 어디선가 쨍쨍한 목소리가 귀에 들린다.
Story_1047, 목소리를 따라 간 숲의 안쪽에는 나무로 만들어진 오두막이 보인다. 저곳이 빨간 모자의 집이지 않을까 하며 가까이 다가간다.
Story_1049, 갈색 단발 머리에 흰색 셔츠를 입은 소녀. 역시 빨간 모자다. 근데 귀에 대고 있는 검정색 무언가가 보인다. \n \q꺄하하-. 멍청한 것들이라니까?\q
Story_1052, 아니\c 동화 속 그 순수하고 착한 빨간 모자가 맞는 거야? 저 한 마디로 내가  조금이라도 남아있던 빨간 모자를 무너뜨리는 것에 대한 죄책감이 싹 사라진다. 
Story_1054, \q이번에는 제대로 걸렸어. 평생 여기서 먹고 살아도 될 것 같아. 정말로 이러다가 나 영웅으로 죽는 거 아닌지 몰라-.\q\n 입꼬리가 귀까지 올라간 것처럼 보일 정도로 환한 미소를 보인다.
Story_1057, \q변조기는 아주 잘 쓰고 있어. 있지도 않은 할머니가 생기는 마법이 굉장히 좋더라고-. 고맙다?\q\n 하? 변조기로 할머니를 만들어냈다?
Story_1060, 착한 영웅의 가면을 쓴 악마가 이런 건가. 첫날 보았던 빨간 모자와 비교되는 모습에 소름이 끼친다.
Story_1062, \q늑대가 어딨어. 그런 거에 속는 놈들이 이상한 거지. 네가 사 준 것들로 내가 만든 사건 현장인데 안 속기도 이상하긴 하겠네. 꺄하하-.\q\n 짧은 머리를 검지 손가락으로 빙글빙글 돌리며 웃는 모습이 마치 마녀 같다.
Story_1065, \q오빠! 안 그래도 오늘 오빠네 마을로 갈 건데 나 맛있는 거 사 줘. 요즘 사기 잘 된다며-.\q\n 대놓고 사기라고 말하는 빨간 모자에 뒷목을 잡게 된다. 
Story_1067, 믿어 볼 만하지 않을까라고 조금이라도 생각했던 나의 통찰력에 반성하게 된다.\n \q그럼 좀 이따 봐! 뿅-.\q
Story_1069, 듣기만 해도 짜증 나는데 저 애한테 속은 사람들은 얼마나 화날까.\n \q그럼 좀 이따 봐! 뿅-.\q
Story_1072, \q이번에는 제대로 걸렸어. 평생 여기서 먹고 살아도 될 것 같아. 정말로 이러다가 나 영웅으로 죽는 거 아닌지 몰라-.\q\n 캠코더에 제대로 보이는 화면에 만족스러워하며 빨간 모자를 쳐다본다.
Story_1075, \q변조기는 아주 잘 쓰고 있어. 있지도 않은 할머니가 생기는 마법이 굉장히 좋더라고-. 고맙다?\q
Story_1078, 착한 영웅의 가면을 쓴 악마가 이런 건가. 첫날 보았던 빨간 모자와 비교되는 모습에 소름이 끼친다.
Story_1080, 빨간 불이 켜진 채로 잘 돌아가고 있다는 것을 확인한다. \n \q늑대가 어딨어. 그런 거에 속는 놈들이 이상한 거지. 네가 사 준 것들로 내가 만든 사건현장인데 안 속기도 이상하긴 하겠네. 꺄하하-.\q
Story_1083, \q오빠! 안 그래도 오늘 오빠네 마을로 갈 건데 나 맛있는 거 사 줘. 요즘 사기 잘 된다며-.\q\n 대놓고 사기라고 말하는 빨간 모자에 뒷목을 잡게 된다. 
Story_1086, 믿어 볼 만하지 않을까라고 조금이라도 생각했던 나의 통찰력에 반성하게 된다.\n \q그럼 좀 이따 봐! 뿅-.\q
Story_1087, 듣기만 해도 짜증 나는데 저 애한테 속은 사람들은 얼마나 화날까.\n \q그럼 좀 이따 봐! 뿅-.\q
Story_1089, 휴대폰 같은 검은 무언가를 귀에서 떼고 망토 주머니에 넣고 문을 열고 나온다.
Story_1090, 휴대폰 같은 검은 무언가를 귀에서 떼고 망토 주머니에 넣고 문을 열고 나온다.
Story_1093, 스르륵 집 벽으로 붙어 빨간 모자가 나가는 것을 목격한다. 신난 발걸음으로 나서는 게 마치 장난감을 가지고 놀 생각에 신난 아이 같다. 그 장난감이 사람이라는 게 문제지만.
Story_1095, 촤르르.\n 있지도 않은 길을 만들어가려니 주변의 풀들과 나무들을 스치는 소리가 크게 난다.\n \q거기 누구야!\q
Story_1099, 소리가 빨간 모자의 귀에까지 닿았는지 빨간 모자가 이쪽으로 달려온다. \n \q거기 서!\q\n 내가 멈출 것 같아?
Story_1101, 빨간 모자와의 거리조절을 위해 뒤를 돈 순간\c 앞으로 고꾸라진다.\n 아씨.... 넘어져 쓸린 무릎을 확인하고 다시 일어나려는 순간\c 어깨를 누르는 손.
Story_1103, \q어\c 누구세요?\q\n 처음 보는 사람이라는 것을 알았는지 소리치던 빨간 모자의 목소리가 상냥하게 바뀐다. 
Story_1108, \q어머\c 그러셨군요-. 여기는 언제쯤 오셨을까요?\q\n 웃으며 말하지만 힘이 있는 질문에 손바닥을 꽉 쥔다.
Story_1111, 방금 와서 하나도 못 들은 것처럼 순수하게 쳐다본다.\n \q아아- 근데 제가 오늘은 일이 있어서 먼저 가 봐야할 것 같은데 괜찮죠?\q
Story_1113, 알겠다는 것을 확인한 후 빨간 모자는 인사를 하고 자리를 뜬다.\n 이걸 믿네? 나야 개이득이지.
Story_1115, 조금 되었다는 나의 말에 앞머리를 손으로 헝클어뜨린다.\n \q그럼 다 들었겠네? 에이씨. 저기요- 다 들었을 거 아니에요. 근데 왜 모르는 척해요.\q
Story_1118, 아까 보았던 검은 무언가를 꺼내더니 몇 번 만지고 귀에 댄다.\n \q오빠- 오빠가 이쪽으로 와야겠다. 처리할 게 하나 생겼어.\q
Story_1120, '처리할 거 하나'라고 하면서 나를 쳐다보는 건 기분 탓인가 하는 찰나\c 들고 있던 피크닉 가방에서 무언갈 꺼낸다.
Story_1123, \q아무 얘기도 안 했는데 그렇게 말하시는 거 보니까 다 들은 것 같은데.\q\n 빨간 모자의 얼굴에서 묻어나오는 싸늘함은 온몸에 소름을 돋게 한다. 
Story_1126, 아니라는 내 말은 귓등으로도 안 들리는지 손에 들고 있던 갈색 피크닉 가방에 손을 넣는다.\n \q차라리 미안하다고 하시지. 저도 바쁜데 왜 이런 일을 만들어요.\q
Story_1128,빨간 모자 집의 문 앞에 서자 심장이 뛰는 것이 느껴진다. 긴장한 것인지 설레는 것인지는 모르겠으나 심장박동이 귓가에 들리는 느낌이 나쁘지는 않다.
Story_1130, 방금 본 빨간 모자와는 다른\c 따뜻한 분위기의 내부다.\n 왼쪽에는 주방과 문 하나가 보이고 오른쪽에는 침대와 작은 식탁이 눈에 띈다.
Story_1133, 쓸데없는 감상평은 제끼고 아까 들었던 변조기를 찾아본다.\n 그게 있으면 무너뜨리기 편할 것 같은데. 
Story_1135, 호텔 이불처럼 퐁신퐁신한 하얀 이불을 들쳐본다. 통 소리를 내며 무언가가 침대로 떨어진다.
Story_1137, 변조기일 거라는 기대를 완전히 부순다. 리모컨을 손에 쥐고 버튼을 누르니 티비가 소리를 내며 켜진다.\n 어제 보았던 그 라디오가 끝낼 준비를 하고 있다.
Story_1139, 주변을 둘러본다. 변조기가 어떻게 생겼는지도 모르니까 찾기가 쉽지 않다. 한숨 한 번 쉬고 침대 밑을 살펴보려고 몸을 숙인다. 
Story_1141, 어딨을까- 변조기가 어딨을까- 흥얼거리며 작은 식탁 주변도 살핀다. 근데 다른 소리가 들려온다.
Story_1143, \q아- 오빠! 나보다 그 여자가 더 중요해? 내가 먼저 아냐?\q\n 짜증 내는 소리라 그런지 멀리 있는 것 같은데도 크게 들린다.
Story_1147, 일단 처음 왔던 그 모습 그대로 이불을 다시 쫙 펴 놓는다. \n \q진짜지? 무조건 내일 만나면 비싼 거 사 주는 거다?\q
Story_1149, 들어오는 길이 하나밖에 없으니 지금 나가다간 빨간 모자와 만날 가능성이 높다. 급히 문을 열고 나와 집 옆으로 숨는다.
Story_1152, 짜증 내던 목소리는 어디 가고 꺄하하 웃음소리만 들린다. 저정도의 감정변화면.... 뒷말은 잇지 않는다.
Story_1154, 문을 열고 들어가서도 전화하는 목소리가 들리는 것을 확인한 후\c 천천히 걸어나온다.\n 남의 집을 뒤지면서 큰 죄책감이 없는 게 어색하다. 옳은 일이라고 믿기 때문일까.
Story_1156, 왜인지 모르게 자꾸 눈이 가는 주방으로 발을 이끈다. 부엌에 변조기가 있을 가능성은 적지만 이 이끌림이 마음에 쓰인다.
Story_1158, 새하얀 싱크대 위에 검은 네모난 것이 눈에 확 들어온다. 버튼이 달리고 스피커가 있는 저거. 분명히 변조기일 것이다.
Story_1160, 변조기를 챙겨 신나는 마음으로 휘파람을 불며 밖으로 향한다.\n 남의 집을 뒤지면서 큰 죄책감이 없는 게 어색하다. 옳은 일이라고 믿기 때문일까.
Story_1164, 현타인지 뭔지는 잘 모르겠지만 싱숭생숭하다. 싱숭생숭한 마음을 달랠 겸 밥이나 먹어야지.
Story_1166, 여기는 뭐가 맛있을까 하는 생각을 하며 생각 없이 발을 딛으니 어느 순간 분수대 앞이다. 안그래도 복잡한 분수대 앞이 더더욱 복잡하다.
Story_1169, 주변을 둘러보니 시장이 열린 것 같다. 걸을 때마다 사람에 치이고\c 맛있는 음식 냄새에 치인다.\n \q안녕하세요-\c 저는 정 가이드구요! 오늘 시장은 12시까지 진행됩니다-. 이거 보시고 많이 사 주세요!\q\n 저 멀리서 가이드가 뛰어다니며 사람들에게 종이를 나눠 준다. 아마 홍보물이겠지.
Story_1173, 야시장 빈대떡은 못 참지. 저 기름기 가득한 빈대떡\c 그 옆에 육전까지. 저걸 보고 지나치는 사람은 인내심이 대단한 거라 자기합리화하며 자리에 앉는다.
Story_1175, 윤기가 촤르르 흐르는 족발에 눈을 빼앗긴다. 저기에 새우젓이랑 쌈장 올려서 먹으면.... 생각에 그치지 않고 자리에 앉는다.
Story_1178, 시뻘건게 맛있게 맵겠다. 1인분만 먹을까 하는데 튀김\c 순대\c 떡볶이 세트가 2페이라니.... 이건 먹으라는 징조다. 바로 자리에 앉는다.
Story_1179, 맛있는 밥을 먹고 일어나려는데 사람들이 우르르 몰려나간다. \n \q아니-!\q\n 휩쓸려 나간 곳은 빨간 모자 앞...?
Story_1181,\q오늘 야시장 한다길래 놀러 왔어요! 저 배고프니까 사인 딱 20분만 하고 밥 먹으러 갈게요-.\q
Story_1183, 사람들이 또 우르르 줄을 선다. 저기에 껴서 사인 받을 이유도 없고 저 사인의 주인공이 바닥이라는 걸 알기에 사인 받고 싶지가 않다. 사람들 틈에서 나와 시장을 떠난다.
Story_1185, 사람들이 또 우르르 몰려간다. 얼떨결에 같이 줄을 선다. 나까지 순서가 올까 하면서도 이미 줄 섰으니 기다려 본다.
Story_1187, 얼마나 기다렸는지 모르겠지만 벌써 내 앞까지 사인을 받았다.\n \q오늘은 이 다음 분까지만 해 드릴게요! 죄송해요-.\q
Story_1190, 뒤에서는 웅성웅성하지만 난 신경쓰지 않고 자리가 빈 앞으로 간다.\n \q안녕하세요-. 이름이 어떻게 되세요?\q\n 얼굴은 쳐다보지도 않고 사인을 먼저 한다.
Story_1195, 사인 받을 때 이름을 물어본다는 걸 왜 잊고 있었을까. 입에 붙는 아무 이름이나 내뱉는다. 이름이 중요한 건 아니니까. 
Story_1197, \q네- 알겠습니다!\q\n 이름과 '행복하세요'를 써 주고는 종이를 식탁 위에 올려두고 일어난다.\n \q전 이제 밥 먹으러 갑니다-.\q
Story_1199, \q네- 알겠습니다!\q\n 무언가를 더 쓰고는 종이를 식탁 위에 올려두고 일어난다.\n \q전 이제 밥 먹으러 갑니다-.\q
Story_1201, '보고 싶었어요' 밑에 p.s.가 써 있다.\n '보고 싶다고 울지 마라요.'\n \q저기요\c 이제 비키시죠? 저희도 장사 다시 해야 하거든요?\q
Story_1203, 종이를 쳐다보며 자리를 비킨다. 뭔가 찝찝한 마음으로 가방에 종이를 집어넣는다.
Story_1205, 적당히 어두워진 하늘 아래로 익숙한 길을 걸어간다.\n 오늘도 5페이를 내야 하니까 사무실로 가니까 문에 무언가 쓰여 있다. \n
Story_1207, '오늘은 새 손님을 받지 않습니다. 연장하실 분들은 내일 아침에 돈을 내주시면 감사하겠습니다.'
Story_1211, 오늘 하루 종일 얼굴을 못 본 김 사장에 의문이 생긴다. 그렇다고 할 수 있는 건 없으니 방으로 간다.
Story_1213, 방으로 들어오자마자 가방을 내려놓고 씻는다. 씻고 나와 침대에 다이빙한다. 푹신푹신한 침대에 오늘 하루의 피로를 전부 내려놓고 잠에 빠진다.
Story_1215, 출근하지 않는 아침이라 그런지 일찍 눈이 떠진다. 짜증 나. 미간을 찌푸린 채 화장실로 걸음을 옮긴다. 
Story_1218, 수건으로 얼굴을 두드린다. 곧바로 옷을 입고 열쇠를 가방을 넣고는 가방을 멘다.
Story_1220, 어제 갔던 길이니 가는 데에는 별 무리가 없을 것 같다. 가볍지도\c 무겁지도 않은 발걸음으로 1층으로 내려가 문을 열고 나간다.\n \q201호!\q
Story_1223, \q하하\c 네-. 어제는 제가 일이 있었어요. 그러니까 지금 숙박비를 내 주셔야 할 것 같은데. \q\n 아\c 숙박비.
Story_1225, \q여기요.\q\n 김 사장에게 5페이를 건네고 서로 좋은 하루가 되라며 인사를 건넨다. 좋은 하루가 되려나.
Story_1228, 한 번 갔던 길이라 그런지 자연스럽게 움직인다. 맑으면서도 산뜻한 바람이 머리카락을 스친다.\n \q흐음- 흐으음-\q
Story_1232, 교복 컨셉과 청량한 분위기로 인기를 끌었던 보이그룹의 노래를 흥얼거린다. 오늘 날씨와 잘 어울리는구만.
Story_1233, 찰랑거리는 머리카락과 청량한 분위기가 매력적이었던 걸그룹의 노래가 머릿속에서 떠나지를 않는다. 지금 내 기분이 그런가?
Story_1234, 요즘 자주 듣던 감성적이면서도 산들산들한 느낌의 힙합 곡이 내 기분을 표현하는 듯 하다. 어쩜 오늘 날씨랑 딱 맞지.
Story_1236, 그 곡을 시작으로 머릿속에 떠오르는 곡들을 흥얼거리다보니 어느새 로도드 숲으로 들어왔다.
Story_1238, 빨간 모자가 있는지 없는지 확신할 수 없는 상황이라 최대한 발소리를 줄인다.
Story_1241, 쳐다본 집 안에는 아무도 없다. 귀도 기울여 보지만 아무런 소리도 들리지 않는다.
Story_1243, 떨리는 마음으로 문고리에 조심스레 손을 올린다. 어제처럼 잠기지 않았다.
Story_1246, 데구르르\c 툭.\n 문을 열려는 순간\c 무언가 발을 건드는 느낌에 밑을 내려본다. 
Story_1247, 어제와 거의 똑같지만 뭉뚱그려진 이불이 그녀가 어제 이곳에서 잠을 청했다는 사실을 일깨워 준다.
Story_1250, 어제부터 신경쓰이던 방문. 들어가니 하얀 타일로 가득찬 화장실이다. 그제서야 화장실을 생각하지 못했다는 것을 깨닫고 헛웃음을 짓는다.
Story_1252, 남의 화장실을 살펴본다는 것도 어이가 없지만 새하얀 타일에 새하얀 수건\c 새하얀 칫솔\c 새하얀 바닥까지 모든 것이 새하얀 곳에 변조기를 숨겨 놓았다는 건 더 이상해 쓱 둘러보고 밖으로 나온다.
Story_1254, 새하얀 침대에는 변조기의 흔적이 전혀 보이지 않았고 책상 위에도 식물 말고는 아무것도 보이지 않는다.
Story_1257, 두리번거리다 티비 밑 서랍장 위 검은 무언가가 올려져 있는 것을 본다. 가까이 가니 하나는 리모컨이고\c 하나는... 역시 변조기다.
Story_1258, 띠리리리- 띠리리리-.\n 집 안에서 들리는 소리에 숨이 멈춘다. 숨이 멈추고 5초 뒤\c 낮은 남자의 목소리가 들린다.
Story_1259, 띠리리리- 띠리리리-.\n 집 안에서 들리는 소리에 숨이 멈춘다. 숨이 멈추고 5초 뒤\c 낮은 남자의 목소리가 들린다.
Story_1261, '야\c 너 지금 여기 오면 안 될 것 같아. 내가 거기로 가고 있으니까 가만히 있어. 거의 다 왔어.'
Story_1264,남자의 목소리에 더 뒤져볼 수도 없이 급히 밖으로 나온다. 하지만 오고 있다는 남자의 말이 떠올라 길로 나가지 못하고 집 옆에 숨는다.
Story_1266, 데구르르\c 툭.\n 옆으로 숨은 내 발에 무언가가 걸린다. 걸린 건가 싶어 위를 바로 쳐다보지는 못하고 밑을 쳐다본다.
Story_1268, 탱탱볼 같은 공이 발에 닿아있다. 별생각 없이 공을 손에 드는 순간\c 순식간에 무언가 나의 앞에 서 있다.
Story_1272, 한 걸음 뒤로 가서 쳐다보니 한 여자가 서 있다. 키도 크고 서구적으로 예쁜 얼굴에 차가운 표정까지.
Story_1276, \q저기요.\q\n 목소리도 낮다. 풍겨져 나오는 분위기가 장난 아니다. 세련되면서도\c 묵직하고.
Story_1278, 분위기에 압도되어 개미만한 목소리로 대답한다. 여자의 목소리와 대조되어 더 별거 없게 들린다.\n \q그 공....\q
Story_1280, 공을 가리키는 여자에 본능적으로 손에 들고 있던 공을 끌어안는다. 내 행동에 눈이 동그랗게 변한 여자는 곧바로 사나운 표정을 짓는다.
Story_1282, 여자의 눈동자가 주황색과 흰색을 넘나드는 색으로 변한다. 지금 내가 뭘 보고 있는 거지...?\n \q내 거야!\q
Story_1284, 공포에 휩싸여 떨어뜨린 공을 주우려는 찰나 회갈색  무언가가 공을 가져간다. 너무 빨리 사라진 공에 정신을 차리지 못하고 뒤로 넘어진다.
Story_1286, 주황빛 눈동자를 가진 늑대가 공을 입에 문 채 나를 쳐다본다. 지금에서야 떠오른 소문에 손이 떨린다.
Story_1289, 하지만 늑대는 어떤 소리도 내지 않고 뒤로 돌아간다. 천천히 걸어가는 늑대를 바라보고 있자 늑대가 뒤를 돌아 고개를 흔든다.
Story_1291, 내 말을 알아들은건지 고개를 끄덕이는 늑대에게 가까이 다가간다. 떨리는 손을 붙잡고 걸어가자 눈 앞의 늑대가 사람으로 변해 있다.
Story_1294, 지금 들어와 있는 곳이 동화인지 수인물인지....\n 있는 듯 없는 길을 걸어가는 여자를 뒤쫓아 따라간지 20분쯤 되었을까. 
Story_1296, 내 말은 들리지도 않는지 무시하고는 앞에 있는 한 남자에게 뛰어간다. \n \q반장님-!\q
Story_1299, 아까 풍기던 분위기는 어디로 사라지고 애교 많은 막내딸만 남았는지. 생글생글 웃는 여자의 이마에 반장님이라는 남자는 콩 하고 딱밤을 때린다.
Story_1301, 반장님이라고 해서 나이가 있을 거라고 생각했는데 가까이 가 보니 생각보다 젊고 잘생긴 남자가 서 있다.
Story_1305, 반장은 말 없이 고개를 숙였다 올린다. 곧바로 여자를 쳐다보면서 나에 대한 설명을 하라는 듯한 눈치를 준다.
Story_1307, 반장은 짧게 '아' 하더니 손을 꽉 잡는다. 하지만 그의 눈은 나에게 있는 것이 아닌 여자에게 있다.
Story_1309, 인사를 하는 나를 보고 고개를 끄덕인다. 곧바로 여자를 보고선 눈썹을 들었다 내린다.
Story_1311, \q어\c 겁먹은 게 재밌어서 데리고 왔는데. 괜찮죠?\q\n 해맑게 얘기하는 여자에 내 어이가 없어진다. 겁먹은 게 재미있다?
Story_1315, 반장은 여자에게 손짓을 하더니 다가온 그녀의 귀를 잡고 땡긴다.\n \q잘하는 짓이다\c 이것아. 인간 겁 주지 말랬지.\q
Story_1319, \q죄송합니다. 저는 이 늑대마을의 반장\c 이 반장입니다.\q\n 반쪽만 넘긴 머리와 샛노란 눈동자가 눈에 띈다. 아까 본 여자의 눈과는 빛깔이 다르다.
Story_1321, 쳐다만 보고 있을 순 없어 내 소개를 하니 남자가 고개를 끄덕인다.\n \q여기는 리타의 모든 늑대들이 모이는 마을입니다. 모든 늑대가 이 곳에 거주하고 있죠.\q
Story_1325, \q당연하죠. 이 마을의 반장인데요.\q\n 반장이 샛노란 눈동자가 완전히 가려지지 않을 정도로 눈웃음을 친다.
Story_1326, \q네. 늑대들은 모두 여기에 있어요. 그게 저희가 리타에서 살 수 있는 조건이거든요.\q\n 반장이 샛노란 눈동자가 완전히 가려지지 않을 정도로 눈웃음을 친다.
Story_1327, \q그렇죠. 반장이니까 모든 늑대를 챙겨야 하거든요. 그게 제 일이고요.\q\n 반장이 샛노란 눈동자가 완전히 가려지지 않을 정도로 눈웃음을 친다.
Story_1330, 아까 본 여자도 그렇고 이 반장도 그렇고\c 늑대들은 다 외모가 출중한 건가. 미모로 나라를 통일시킬 수 있을 정도다.
Story_1332, 아까 분명 내가 인사만 했는데 날 보고 '인간'이라고 했다. \n \q아\c 인간 냄새가 나서요. 그리고 늑대면 제가 모를 일이 없기도 하고.\q
Story_1334, \q네. 늑대는 후각이 예민하니깐요.\q \n 개과가 냄새를 잘 맡기는 하지. 뭐\c 별거 아닌 건가?
Story_1336, \q늑대 마을이니깐요. 근데 지금 인간 냄새가 나서 늑대들이 모이기 시작할 거예요.\q\n 늑대가 모이면 나 죽는 거 아닌가.
Story_1338, \q당연하죠. 저희는 인간을 해치지 않아요.\q\n 인간을 해치지 않는다? 늑대가 로도드 사람들을 죽인 게 아니라는 건가?
Story_1340, 내 질문에 앞에 있는 두 사람이 웃는다.\n \q왜 죽어요. 저희는 인간 안 해칩니다.\q\n 인간을 해치지 않는다? 늑대가 로도드 사람들을 죽인 게 아니라는 건가?
Story_1342, \q네. 저희 마을 법에서 가장 중요한 법이기도 합니다. '인간을 해치지 않는다.'\q
Story_1344, \q그건 아니긴 합니다. 그래도 사람을 죽일 수는 없습니다.\q\n '살인'에 대해서는 반장이 단호하게 말한다.
Story_1346, \q그거에 대해서는 확실하게 할 수 있습니다. 없습니다. 저 말고 인간과 접촉한 늑대는 없습니다.\q\n 인간과 접촉한 늑대가 없다라.
Story_1348, \q로도드 숲의 소문이요? 아니요. 그런 게 있나요?\q\n 전혀 모른다는 눈치를 보이는 반장에 이걸 얘기해 주는 게 나에게 유리할 것 같다는 생각이 든다.
Story_1350, 로도드 마을의 소문에 대해 말해 준다. 들을수록 반장의 얼굴이 굳어져간다. \n \q그런 말도 안 되는....\q
Story_1352, \q그런데 이걸 가르쳐 주시는 이유는 무엇이죠? 저희 마을에 와서 얻을 게 뭐가 있다고.\q\n 남자의 샛노란 눈동자가 빛이 난다. 화가 난 건가.
Story_1354, \q됐습니다. 어차피 우릴 이용하겠다는 거 아닌가? 전 이용당할 생각이 없어서. 이만 나가 주시죠.\q\n 도와달라는 말을 꺼내기도 전에 막혀 버렸다.
Story_1356, 내 말을 다 뱉지 못하고 사람의 모습을 한 늑대들에 의해 마을 밖으로 쫓겨났다. 젠장.
Story_1358, 굳어진 얼굴을 돌린 후 눈동자가 날 향한다. 눈에서 살기가 뿜어져 나온다.\n \q무슨 말이 하고 싶은 건가요?\q
Story_1360, 이번에는 빨간 모자의 이야기를 들려준다. 반장은 들으면서 여러 표정을 비춘다. 어이없음\c 짜증\c 불쾌\c 불편\c 불만\c 분함. 
Story_1364, \q그래서 늑대에 관한 모든 소문을 뒤집어 엎으려고 해요.\q\n \q그래서요?\q
Story_1368, 뚫어져라 쳐다보던 눈동자가 눈을 감는 행동에 의해 가려진다. 후 하는 한숨이 귀에 들린다.\n \q어떻게 하면 되는데요.\q
Story_1370, 반장은 잠시 고민하더니 여자에게 사무실에서 종이와 펜\c 그리고 '그것'을 가져오라고 말한다.\n \q반장님\c 괜찮을까요...?\q
Story_1373, 반장이 고개를 끄덕이자 여자가 늑대로 변해 달려간다. 참 안 익숙해지는 광경이네.\n \q사실 요즘 이상하긴 하더라고요.\q
Story_1375, \q저희랑 거래하는 마을 반장님들이 인상을 찌푸리거나 아예 굳어 버리더라고요. 그게 거기까지 퍼졌나 보네요.\q
Story_1378, \q이제서야 이유를 알게 됐네요. 참\c 눈치도 없었네.\q\n 손으로 얼굴 반쪽을 가리면서 썩소를 짓는다.\n \q무조건 성공해 주세요.\q
Story_1379, \q네. 서로 윈윈이니까요. 그리고 저희를 그렇게 만든 그 사람에게 복수하고 싶기도 하고. 그러니까 무조건 성공해 주세요.\q
Story_1381, 내 대답과 동시에 늑대가 돌아온다. 곧바로 여자로 변해 반장에게 종이와 펜\c 그리고 조그마한 상자 하나를 건넨다.
Story_1384, \q기다려 보세요!\q\n 여자가 웃으면서 대신 대답해 준다. 반장은 종이에 글을 쓰고 나서 상자를 연다.
Story_1386, \q이건 리타에 있는 마을 대표자만이 가질 수 있는 도장입니다. 이 도장이 찍힌 문서는 진실이며 거짓일 시 목숨을 바치겠다는 의미가 있는 중요한 도장이죠.\q
Story_1390, 반장이 종이를 말아 여자의 손에 있던 고무줄로 묶는다. 그리곤 아무 말도 없이 있는 나의 손에 쥐여 준다.
Story_1391, \q네. 이걸로 저희 마을을 도와주시면 됩니다. 잘 부탁드립니다.\q\n 손에 쥐여 준 종이를 꽉 잡는다.\n
Story_1392, \q네. 그만큼 당신에게 전 믿음을 보여 드린 겁니다. 그러니까 잘 부탁드립니다.\q\n 손에 쥐여 준 종이를 꽉 잡는다.
Story_1394, \q이제 돌아가셔야겠죠? 다들 인사드립시다.\q\n 반장이 먼저 고개를 숙여 인사하자 주변에 있는 늑대들이 뒤이어 고개를 숙여 인사한다.
Story_1398, 들어왔던 마을 입구로 나와 뒤를 도니 여자가 손을 흔들고 있다. 같이 손을 흔들어 보인다.
Story_1399, 여자는 저 멀리 던져지는 공을 쳐다본다. 눈 앞에서 공이 사라지자 사나운 눈빛으로 나를 쳐다보고는 그쪽으로 사라진다.
Story_1401, 검지손가락 위에 공을 돌리며 이거냐고 묻는다. 그러자 여자는 고개를 끄덕이며 마치 이런 걸 처음 본 아이처럼 돌아가는 공을 쳐다본다.
Story_1403, 공의 속도가 느려지자 손으로 잡고 앞의 여자에게 건넨다. 여자는 공을 받고는 내 손을 잡는다.
Story_1405, 손을 잡고 나를 끌고 가는 그녀에 이끌려 간다. 살짝 뛰면서 뒤를 쳐다보는 여자는 아까의 분위기와는 다르게 청초해 보였다.
Story_1407, \q아\c 저희는 사냥은 하지 않습니다. 다른 마을에서 고기를 거래하고 있거든요.\q\n 사냥을 하지 않는다고?
Story_1409, \q다른 인간 마을에서 고기를 사 옵니다. 그래서 동물이든 인간이든 사냥하지 않습니다. 특히 인간의 경우는 더더욱 해치지 않고요.\q 
Story_1411, \q다른 마을하고 거래가 있을 때 말고는 안 맡은 지는 엄청 오래 됐습니다. 인간을 만날 일이 없기도 하고요.\q
Story_1413, \q늑대 사이에 있다가 저 잡아 먹힐 것 같은데....\q\n \q계셔도 됩니다. 저희는 인간을 해치지 않아요.\q\n 반장은 내 말을 듣고는 빵 크게 터진다. 
Story_1415, 내 질문에 앞에 있는 두 사람이 웃는다.\n \q왜 죽어요. 저희는 인간 안 해칩니다.\q\n 인간을 해치지 않는다? 
Story_1417, 온 김에 소문에 대해 물어봐야겠다. \n \q이 숲 밑에 있는 마을 말씀이신가요? 알죠. 근데 갈 일은 없어서.\q
Story_1419, \q네. 저희 마을 사람들은 이 밖으로 나가려면 일지를 써야 하기도 하고 그 마을하고는 거래를 안 합니다.\q\n 진짜 다 빨간 모자가 만든 얘기구나. 
Story_1421, \q저희들에 대한 소문이요? 무슨 소문 말하시는 건가요?\q\n 궁금해하는 듯한 표정에 로도드 숲의 늑대 이야기를 해 준다. 
Story_1423, \q저희들에 대한 소문이요? 무슨 소문 말하시는 건가요?\q\n 궁금해하는 듯한 표정에 로도드 숲의 늑대 이야기를 해 준다. 
Story_1425, \q그게 무슨 소리입니까? 사람을 죽였다니요. 그럴리 없습니다.\q\n 정색을 하며 부정하는 반장에게 로도드 숲의 늑대 이야기를 해 준다.
Story_1427, 시시각각 변하는 남자의 눈빛에는 살기가 느껴진다. 그리고는 이를 악물고는 대답한다.\n \q저희는 인간을 해치지 않습니다. \q
Story_1429, \q네. 저희 마을 법에서 가장 중요한 법이기도 합니다. '인간을 해치지 않는다.'\q\n 법으로까지 정해져 있는 거라면 믿어야 되나.
Story_1431, \q그건 아니긴 합니다. 그래도 사람을 죽일 수는 없습니다.\q\n '살인'에 대해서 반장이 단호하게 말한다.
Story_1433, \q그거에 대해서는 확실하게 할 수 있습니다. 없습니다. 저 말고 인간과 접촉한 늑대는 없습니다.\q\n 인간과 접촉한 늑대가 없다라.
Story_1435, \q못 믿으실 거면 왜 물어보신 거죠? 아\c 당신도 인간이라 그 사람들하고 한 편인건가요?\q\n 천천히 눈 앞으로 다가오는 반장에 뒷걸음질친다.
Story_1437, \q이 사람 내보내세요.\q\n 반장이 여자와 뒤돌아간다. 사람의 모습을 한 늑대들이 나의 팔을 잡고 마을 밖에 던진다. 젠장.
Story_1439, \q전 그 소문을 낸 사람을 알고 있거든요. 혹시 빨간 모자라고 아세요?\q\n 이번에는 빨간 모자의 이야기를 들려준다. 반장은 들으면서 여러 표정을 비춘다. 어이없음\c 짜증\c 불쾌\c 불편\c 불만\c 분함. 
Story_1443, \q그래서 늑대에 관한 모든 소문을 뒤집어 엎으려고 해요.\q\n \q그래서요?\q
Story_1447, 뚫어져라 쳐다보던 눈동자가 눈을 감는 행동에 의해 가려진다. 후- 하는 한숨이 귀에 들린다.\n \q어떻게 하면 되는데요.\q
Story_1449, 반장은 잠시 고민하더니 여자에게 사무실에서 종이와 펜\c 그리고 '그것'을 가져오라고 말한다.\n \q반장님\c 괜찮을까요...?\q
Story_1452, 반장이 고개를 끄덕이자 여자가 늑대로 변해 달려간다. 참 안 익숙해지는 광경이네.\n \q사실 요즘 이상하긴 하더라고요.\q
Story_1454, \q저희랑 거래하는 마을 반장님들이 인상을 찌푸리거나 아예 굳어 버리더라고요. 그게 거기까지 퍼졌나 보네요.\q
Story_1457,\q이제서야 이유를 알게 됐네요. 참\c 눈치도 없었네.\q\n 손으로 얼굴 반쪽을 가리면서 썩소를 짓는다.\n \q무조건 성공해 주세요.\q
Story_1458, \q네. 서로 윈윈이니까요. 저희를 그렇게 만든 그 사람에게 복수하고 싶기도 하고. 그러니까 무조건 성공해 주세요.\q
Story_1460, 내 대답과 동시에 늑대가 돌아온다. 곧바로 여자로 변해 반장에게 종이와 펜\c 그리고 조그마한 상자 하나를 건넨다.
Story_1463, \q기다려 보세요!\q\n 여자가 웃으면서 대신 대답해 준다. 반장은 종이에 글을 쓰고 나서 상자를 연다
Story_1465, \q이건 리타에 있는 마을 대표자만이 가질 수 있는 도장입니다. 이 도장이 찍힌 문서는 진실이며 거짓일 시 목숨을 바치겠다는 의미의 중요한 도장이죠.\q
Story_1467,반장이 종이를 말아 여자의 손에 있던 고무줄로 묶는다. 그리곤 아무 말도 없이 있는 나의 손에 쥐여 준다.
Story_1469, \q네. 이걸로 저희 마을을 도와주시면 됩니다. 잘 부탁드립니다.\q\n 손에 쥐여 준 종이를 꽉 잡는다.
Story_1471, \q네. 그만큼 당신에게 전 믿음을 보여 드린 겁니다. 그러니까 잘 부탁드립니다.\q\n 손에 쥐여 준 종이를 꽉 잡는다.
Story_1473, \q이제 돌아가셔야겠죠? 다들 인사드립시다.\q\n 반장이 먼저 고개를 숙여 인사하자 주변에 있는 늑대들이 뒤이어 고개를 숙여 인사한다.
Story_1477, 들어왔던 마을 입구로 나와 뒤를 도니 여자가 손을 흔들고 있다. 같이 손을 흔들어 보인다.
Story_1479, 여기서 로도드 숲을 빠져나가는 곳은 모르니 아까 왔던 길로 가면 되지 않을까?  빨간 모자 집에서 로도드 숲으로 나가는 길은 아니까 갈 수 있을 것 같다.
Story_1481, 빨간 모자의 집 근처에 다다랐는데도 아무런 소리가 들리지 않는다. 혹시 몰라 두리번거리니 아무것도 보이지 않는다. 조용히 집 앞을 지나 로도드 숲을 빠져나간다.
Story_1483, 가만히 서 있는 나를 보더니 손을 땡긴다. 당연하게 나도 가야 한다는 듯 쳐다보는 여자에 말을 건넨다.
Story_1486, \q재밌는 곳. 좋아할 것 같아요.\q\n 말하면서 눈꼬리를 올리는 여자에 홀린 듯 손을 꽉 잡고 걸음을 옮긴다.
Story_1487, 고개를 끄덕이며 잡아당기는 여자에 천천히 발을 옮긴다. 그녀는 따라오는 게 좋은지 뒤를 돌아 맑게 웃어 보인다.
Story_1489, 여자와 함께 온 곳은 리타와는 느낌이 다른 마을이었다. 숲 사이에 있어서 그런지 밝은 느낌보다는 오묘하고 신비한 느낌이 강하다.
Story_1492, 여자는 분위기에 매료당한 나를 보곤 강아지처럼 눈웃음을 짓고는 말한다.\n \q좋아할 것 같았어요.\q\n 그리고는 마을의 입구에 서 있는 남자에게 달려간다.
Story_1493, 여자는 강아지처럼 눈웃음을 짓고는 말한다.\n \q우리 집!\q\n 그리고는 마을의 입구에 서 있는 남자에게 달려간다.
Story_1495, 아무 말 없이 마을과 주변을 두리번거리자 여자는 시무룩하게 말한다.\n \q별로예요...? 아닐 텐데...\q\n 그리고는 마을의 입구에 서 있는 남자에게 달려간다.
Story_1497, 날 데리고 와 놓고 혼자 달려가는 여자에게 말을 던지지만 이미 남자의 앞에 가 있다.\n \q반장님!\q
Story_1499, 반장님이라고 해서 나이가 있을 거라고 생각했는데 가까이 가 보니 생각보다 젊고 잘생긴 남자가 서 있다.
Story_1503, 반장은 말 없이 고개를 숙였다 올린다. 곧바로 여자를 쳐다보더니 콩 하고 이마에 딱밤을 때린다.\n \q인간? 너 또 뭐 한 거야.\q
Story_1504, 반장은 짧게 '아' 하더니 손을 꽉 잡았다 놓는다. 놓은 손으로 여자의 이마에 딱밤을 때린다.\n \q인간? 너 또 뭔 짓을 한 거야.\q
Story_1505, 인사를 하는 나를 보고 고개를 끄덕인다. 곧바로 여자를 보고선 눈썹을 들었다 내린다.\n \q인간을 데리고 왔어? 뭐 하는 짓이야.\q
Story_1507, \q아니\c 공을 막 손가락으로 이렇게- 이렇게- 하더라고.\q\n 우물쭈물하는 여자는 마치 아빠에게 혼나는 막냇딸의 모습 같았다.
Story_1510, 헛기침을 하며 나올 것 같던 웃음을 참아 본다. 여자를 쳐다보던 반장은 고개를 돌려 날 본다.\n \q죄송합니다. 저는 이 늑대마을의 반장\c 이 반장입니다.\q
Story_1511, 참지 못한 웃음이 입 밖으로 튀어 나온다. 내 웃음에 여자를 쳐다보던 반장은 고개를 돌려 날 본다.\n \q죄송합니다. 저는 이 늑대마을의 반장\c 이 반장입니다.\q
Story_1513, 지금 내 귀로 들어온 단어가 늑대가 맞나? 귀가 망가진 건 아닌가?\n \q늑대 마을 반장\c 이 반장입니다.\q
Story_1515, 내 귀가 잘못된 건 아니었나 보다. 또박또박 늑대라고 하네. \n 멍청한 표정을 짓고 있었는지 반장이 말을 건다.\n \q쟤가 아무 얘기 안 했나요?\q
Story_1517, 지금 내 귀로 들어온 단어가 늑대가 맞나? 귀가 망가진 건 아닌가?\n \q네\c 늑대요. 아\c 쟤가 얘기 안 해 줬나요?\q
Story_1519, 반장은 여자에게 손짓을 하더니 다가온 그녀의 귀를 잡고 땡긴다.\n \q여기는 리타의 모든 늑대들이 모이는 마을입니다. 모든 늑대가 이 곳에 거주하도록 되어 있거든요.\q
Story_1521, 아파하는 여자가 나를 쳐다본다. 그리고는 순식간에 회갈색의 늑대로 변한다.
Story_1523, 늑대가 내 옆으로 다가와 다리에 몸을 문댄다.\n \q너 일로 와라.\q\n 반장님이 늑대에게 경고를 하자 늑대가 다시 여자로 변한다.
Story_1525, \q당연하죠. 이 마을의 반장인데요.\q\n 반장이 샛노란 눈동자가 완전히 가려지지 않을 정도로 눈웃음을 친다.
Story_1527, 황당한 상황에 머리가 제대로 굴러가지 않는다. 리부팅을 시켜야 하나.\n \q어.... 괜찮으세요?\q
Story_1529, 괜찮지 않아도 괜찮아야 할 것 같은데요. 늑대 소굴에 들어온 인간이면.... 저 여기서 죽고 싶지는 않은데. 
Story_1531, \q네. 늑대들은 모두 여기에 있어요. 그게 저희가 리타에서 살 수 있는 조건이거든요.\q
Story_1533, \q그렇죠. 반장이니까 모든 늑대를 챙겨야 하거든요. 그게 제 일이고요.\q
Story_1537, 제대로 쉬지 못했던 숨을 크게 쉰다. 사람에게서 숨 못 쉴 정도의 분위기가 나올 수 있음을 처음 느꼈다. 생각해보니 사람이 아니었을지도 모르겠다. 
Story_1539, 계속 나를 쳐다보던 싸늘한 눈빛이 사라지자 헛웃음이 나온다. 사람 맞아? 변하는 눈동자가 머릿속에서 지워지지가 않는다.
Story_1541, 이제는 돌아가야 할 것 같아 집 주변을 살피는데 한 남자가 유일한 길에서 이쪽으로 오는 것이 보인다. 아직 날 보지 못한 것 같아 몸을 숨긴다.
Story_1544, \q내가 애 때문에 뭐하는 짓거리냐. 바빠 죽겠는데\c 썅.\q\n 계속 중얼거리는 남자가 빨간 모자의 집으로 들어간다.
Story_1546, 와- 진짜 이러다 죽을 뻔했다. 나의 폐활량에 속으로 박수를 쳤다. 그리고는 숲을 빠져나간다.
Story_1547, \q내가 애 때문에 뭐하는 짓거리냐. 바빠 죽겠는데\c 썅.\q\n 계속 중얼거리는 남자가 빨간 모자의 집으로 들어간다.
Story_1549, 엄마야\c 무서운 사람인가 보네. 문이 닫힌 것을 확인하고는 살금살금 집 앞을 지나 숲을 빠져나간다.
Story_1551, 지금 나에게 일어난 모든 일이 너무 순식간이라 혼이 빠진 느낌이다. 별게 아니라고 생각하기엔 별거가 아니진 않은 것 같은데....
Story_1553, 이 공이 여자의 것인가 싶어 양손으로 공을 건넨다. 여자는 순식간에 늑대로 변해 입에 공을 물고 숲 속으로 달려간다.
Story_1555, 눈 앞에서 늑대로 변하는 여자를 봐서 그런가 갑자기 다리의 힘이 풀린다. 이거 수인물인가요...?
Story_1557, 지금 내 눈 앞에 일어난 상황에 헛웃음이 툭 흘러나온다. 내가 들어온 이 곳이 동화인가 수인물인가....
Story_1559, 잠시 동안 생각하는 사이 멀리서 남자의 목소리가 들린다. \n \q내가 애 때문에 뭐하는 짓거리냐. 바빠 죽겠는데\c 썅.\q
Story_1561, 계속 욕이 가득한 문장을 중얼거리던 남자는 빨간 모자의 집으로 들어간다. 문이 닫힌 것을 확인하고는 살금살금 숲을 빠져나온다.
Story_1563, 1번가 길을 걸으며 4일 동안 한 일을 생각한다. 한 게 많은 건지 없는 건지 잘 모르겠다. 오늘도 김 사장의 숙소로 향할 뿐이다.\n \q201호!\q
Story_1566, 김 사장님이 날 쳐다보며 팔을 뻗어 흔들고 있다. 무슨 일인가 싶어 걸음을 빨리 옮긴다.\n \q오늘도 우리 숙소에서 머물 건가요?\q
Story_1569, \q장기 투숙인데\c 그정도면. 다른 곳은 안 가봐도 돼요?\q\n 다른 곳. 그러고 보니 얻어야 할 게 많은데 여기서 이렇게 많이 시간을 소비할 수 없지.
Story_1571, \q근데 잘 되어가요? \q\n 아\c 이 남자랑 공조같지 않은 공조를 하고 있었지. 
Story_1575, 이제 끝내야겠다. 오늘까지 증거들을 다 모아야겠네.\n \q하하\c 제 도움은 필요 없으세요?\q
Story_1577, 이 남자 목소리와 말에 무언가 익숙한 게 있는데....\n 일단 내일 날 도와줘야 하는 사람을 찾아야 한다.
Story_1581, \q참 단호해. 내일 되면 맘이 바뀔 거라고 믿고\c 그럼 좋은 밤 되세요.\q\n 김 사장님이 고개를 까닥인다. 
Story_1583, 가방 속 주머니에서 5페이를 꺼내 김 사장 손에 쥐여 준다. 김 사장은 페이를 확인하고는 바지 주머니에 집어넣는다.
Story_1587, 2번가 아가씨가 도움이 필요하면 우체통에 책을 넣으라고 했었다. 메모를 써야 하는데.\n \q김 사장님\c 메모장 좀 얻을 수 있을까요?\q
Story_1589, 김 사장은 당연하다며 노란색 메모지와 펜을 가져다준다.\n '그제 사진 갖고 있던 사람입니다. 내일 당신의 도움이 필요합니다. 아침 11시까지 3번가 6\c7\c8로 와 주세요.'
Story_1591, 메모지를 책 첫 페이지에 붙이곤 길을 나선다. 2번가와 3번가 사이 길로 가니까 2번가 27은 찾기가 쉽다.
Story_1593, '저에게 도움을 요청하시는 분은 이 포스트잇을 가지고 가 주세요!'\n 파일에 적혀 있는 대로 포스트잇을 한 장 뜯어서 가방에 넣는다.
Story_1595, 새빨간 우체통에 책을 넣자 퉁- 소리가 났다. 책을 넣었으니 이젠 쉬러 가도 될 것 같다.
Story_1597, 손에 정 가이드의 명함을 꽉 쥐고 길을 나선다. 분명 도움이 필요하면 말해 달라고 했으니까 도움을 얻어야지.
Story_1599, 지금도 근무 시간인지 정 가이드가 사람들에게 설명을 하고 있다. 설명이 끝나고 정 가이드를 부른다.
Story_1601, 나를 쳐다보더니 고개를 갸우뚱한다. 그러곤 손에 있는 명함을 보더니 환하게 웃어 보인다.\n \q무슨 도움이 필요하실까요?\q
Story_1603, 자신이 들은 것이 맞는지 확인하려는 것처럼 귓구멍을 손바닥으로 툭툭 친다.\n \q어\c 진짜네. 그건 좀... 힘들지 않을까요?\q
Story_1606, \q그렇게 말하시면 제가 마음이 좀....\q\n 정 가이드는 제자리에서 계속 핑핑 돌면서 고민한다. 
Story_1607, 자신이 했던 말을 떠올랐는 듯 정 가이드는 머리를 쥐어뜯는다.\n \q그렇게 말씀하시면 제가 할 말이 없죠!\q
Story_1609, 그 상태 그대로 가져올 것이라는 약속까지 한다.\n \q그럼 딱 하루예요! 절대 훼손하시면 안 돼요!\q
Story_1611, \q그리고 저희 관광서장님께는 말씀하시면 안 됩니다-. 저 진짜 죽어요.\q\n 정 가이드의 당부를 들으며 인사하고 자리를 떠난다.
Story_1613, 피곤한 몸을 이끌고 방으로 향한다. 문을 열고 들어간 방은 선선한 공기가 감돈다. 긴장했었나. 온몸이 차분해지는 것이 느껴진다.
Story_1615, 눈에 비치는 햇빛을 손으로 가리고 잠에서 깨어난다. 새벽 내내 꾼 새까만 꿈이 나쁘게 느껴지지 않는 아침이다.
Story_1617, 빨간 모자와 끝을 내겠다는 각오를 다지고 밖으로 나선다. 5일동안 정이 든 숙소를 눈에 담고 김 사장과의 인사를 위해 사무실로 향한다.
Story_1620, 노크를 하자 안에서 쿠당탕 하는 소리와 함께 짧은 비명이 들린다. 소리에 놀라 문을 열자 바로 앞에 김 사장이 보인다.\n \q어.... 나 좀 도와줄래요?\q
Story_1624, \q하하\c 고마워요. 급하게 나가려다 보니....\q\n 김 사장의 발 밑이 난장판이 나 있다. 아마 넘어지면서 저렇게 된 거겠지. 김 사장은 넘어지면서 돌아간 동그란 목걸이를 다시 원상복구시키며 머리를 긁적인다.\n \q근데 무슨 일 있어요?\q
Story_1626, 후련하면서도 불안한 감정을 짧은 미소에 담아 말을 건넨다. \n \q저희 펜션에서의 마지막 밤은 어땠나요? 나도\c 그 방도 편했으면 하는데.\q
Story_1631, 후련하면서도 불안한 감정을 짧은 미소에 담아 말을 건넨다. \n \q저희 펜션에서의 마지막 밤은 어땠나요? 나도\c 그 방도 편했으면 하는데.\q
Story_1633, 중간에 살짝 기분이 나빴던 적도 있지만\c 처음 이곳에 와서 지금까지 나에게 쉴 곳을 주었던 그에게 감사를 표한다.\n 다행이라고 말하는 김 사장의 표정도 나와 같이 시원섭섭함이 묻어 있는 듯하다.
Story_1637, 어떤 이유에서든 도움을 받았다면 감사를 표하는 것이 당연하기에 감사를 담아 인사를 건넨다. \n 당연한 일이었다며 김 사장은 어깨를 들썩인다.
Story_1641, 김 사장은 나의 대답에 화답하듯이 보조개를 보이며 웃어 보인다.\n \q제가 또 필요한 곳이 있다면 찾아오세요. 전 이제 할 일이 있어서.\q
Story_1643, 뻗은 손이 민망하지 않게 김 사장이 손을 잡는다. 살짝 맞잡은 손이 서로의 마음을 전달하는 듯하다. 손이 떨어지고 사무실을 벗어난다.
Story_1645,고개 숙인 나를 보고는 아이고 하면서 김 사장도 같이 고개를 숙인다. 고개를 들고 눈을 한 번 맞춘 후 사무실을 벗어난다.
Story_1647, 내가 지금 가장 가야 할 곳은 어딜까. 빨간 모자와의 끝을 낼 수 있는 곳은 어딜까. 머릿속은 정신없이 질문들이 둥둥 떠다닌다.\n 둥둥 떠다니는 질문들 중 하나의 질문이 모든 질문을 치우고 중앙을 차지한다.\n 이 거짓이 가득한 빨간 모자 이야기를 가장 잘 전달할 수 있는 곳은 어딜까.
Story_1649, 장소를 고민하는 머릿속에 자꾸 떠오르는 김 사장의 웃음소리. 가만히 떠올려 보는데 김 사장 말고 다른 곳에서도 들었던 것 같다. 
Story_1651, 텔레비전 속 라디오를 진행하던 그 남자. 분명 그 남자였다. 같은 웃음소리\c 비슷한 위치에 있는 동그란 무언가. 아마 김 사장이 차고 있던 목걸이였겠지.
Story_1654, 모든 걸 아는 듯한 그 남자가 그렇게 웃었던가? \n 아니다. 분명 그 남자는 표정으로만 웃었지\c 소리를 내어 웃지는 않았다. 그 남자가 아니라는 생각이 들자 더 이상 김 사장의 웃음소리에서도 단서를 찾을 수가 없다.
Story_1656, 다시 정신을 차리고 가장 최적의 장소를 물색한다. 
Story_1658, 빨간 모자의 시작에서 끝을 내는 것이 가장 좋은 선택지이지 않을까. 처음 빨간 모자가 발견되었던 곳인 로도드 숲으로 발걸음을 옮긴다.
Story_1660, 가장 잘  전달할 수 있는 곳은 가장 전달할 수 있는 사람이 많은 곳이겠지. '사람'이 많은 곳? 마을의 중앙에 있는 분수대가 머릿속에 파바박하고 등장한다. 발걸음을 옮긴다. 
Story_1666, 11시까지 와 달라고 했으니 조금만 더 기다리면 될 것 같다. 침착한 생각과는 달리 발은 불안한지 앞코를 땅바닥에 툭툭 친다. 
Story_1670, \q죄송해요!\q\n 하얀색 원피스를 입은 여자가 뛰어온다. 여자는 시간에 늦지 않았지만 죄송하다며 고개를 숙인다.
Story_1674, 여자는 살짝 어질러진 머리를 손으로 빗어내리며 윗니가 보이도록 웃는다.\n \q저희는 이제 어떻게 하면 되는 거죠?\q
Story_1676, 여자가 고개를 끄덕이며 손바닥을 비빈다.\n \q좋아요. 걔가 얼마나 또라이인지 알려 줘야죠. 내가 또 걔 잘 사는 꼴은 못 보지.\q
Story_1678, 내 말을 들은 여자가 숨소리가 가득하게 웃는다.\n \q그 표현 좋네요\c '뒤집어 엎자.' 한번 제대로 뒤집어 엎어 봅시다. 제가 확실하게 도울게요.\q
Story_1680, 입꼬리가 마치 귀에 닿을 듯이 여자가  미소를 짓는다. 약간 섬뜩하달까.\n \q드디어 복수할 기회가 왔네요. 제가 이걸 얼마나 기다렸는지 몰라요. 제가 확실하게 도울게요!\q
Story_1682, \q음- 사람이 많은 곳이 좋지 않을까요? 그래야 소문도 더 빨리 퍼지고. 아니면 방송을 하는 건 어때요? 예를 들면 '오로라'? 마을 사람이라면 많이들 보니까 공개하기도 좋을 것 같고.\q
Story_1684, 사람이 가장 많은 곳이 어디일까? 내가 지나쳐 온 장소들을 떠올려 본다. 아\c 분수대! 첫날 분수대에 있던 수많은 사람들이 떠오른다.\n \q마을 중앙 분수대로 갑시다.\q\n 좋다고 말하는 여자와 함께 분수대로 향한다.
Story_1687, 방송을 통하면 누구의 방해를 받지 않고 정보를 전달할 수 있을 수도 있다. 그럼 '오로라'가 가장 좋은데.... 문득 마법의 상점에서 들었던 '오로라'의 멘트가 떠오른다.\n '하하\c 이번 사연자분께서는 짝사랑이 아니라 그냥 사랑을 하고 계신 것 같은데요.'\n 이 목소리와 말투 어디서 들어 봤는데....
Story_1689, '하하'라는 두 글자만 소리를 내어 웃고 나머지는 숨소리처럼 웃었던 김 사장. DJ와 똑같은 웃음소리다. \n 거기다가 오늘 나오면서 봤던 진주 목걸이. DJ의 가슴높이에 있던 동그란 무언가. \n 퍼즐이 맞춰졌다.
Story_1691, 모든 걸 아는 듯한 그 남자가 그렇게 웃었던가? \n 아니다. 분명 그 남자는 표정으로만 웃었지\c 소리를 내어 웃지는 않았다. 어디서 들었는지가 떠오르지 않는다.
Story_1693, \q전혀요-. 그게 문제예요. 누군지 모르니까 도움을 청할 수도 없고. 저희 그냥 사람 많은 곳으로 가요. 그것도 효과가 있을 것 같은데. 음- 분수대는 어때요?\q\n 첫날 분수대에서 보았던 수많은 사람들이 떠오른다. 여자의 말에 고개를 끄덕이고 함께 분수대로 향한다.